Company Name,Company Domain,Job Title,Job Posting URL,Portal,Country,Tier Signal,Date
Red Bull,,"Student Marketeer - California State University, Dominguez Hills",https://www.linkedin.com/jobs/view/student-marketeer-california-state-university-dominguez-hills-at-red-bull-4215087894?_l=en,LinkedIn,United States,Email Marketer,
Red Bull,,"Student Marketeer - Arizona State University, Tempe",https://www.linkedin.com/jobs/view/student-marketeer-arizona-state-university-tempe-at-red-bull-4443089130?_l=en,LinkedIn,United States,Email Marketer,
Braintrust,,Retention Marketing Manager (Remote) - 1065,https://www.linkedin.com/jobs/view/retention-marketing-manager-remote-1065-at-braintrust-4443586777?_l=en,LinkedIn,United States,Email Marketer,
"Ross Stores, Inc.",,"Specialist, Marketing Privacy Compliance",https://www.linkedin.com/jobs/view/specialist-marketing-privacy-compliance-at-ross-stores-inc-4412073395?_l=en,LinkedIn,United States,Email Marketer,
Red Bull,,Student Marketeer - Hawaiʻi Pacific University,https://www.linkedin.com/jobs/view/student-marketeer-hawai%CA%BBi-pacific-university-at-red-bull-4366799238?_l=en,LinkedIn,United States,Email Marketer,
Jack & Jill,,GTM Marketer & Engineer ($75k-$150k + Equity) at GenHealth,https://www.linkedin.com/jobs/view/gtm-marketer-engineer-%2475k-%24150k-%2B-equity-at-genhealth-at-jack-jill-4444643950?_l=en,LinkedIn,United States,Email Marketer,
Cognition,,Brand Marketer,https://www.linkedin.com/jobs/view/brand-marketer-at-cognition-4384407304?_l=en,LinkedIn,United States,Email Marketer,
Childhelp®,,Donor Growth Marketing Manager,https://www.linkedin.com/jobs/view/donor-growth-marketing-manager-at-childhelp%C2%AE-4444052798?_l=en,LinkedIn,United States,Email Marketer,
Broad Reach Ventures,,Revenue Marketer,https://www.linkedin.com/jobs/view/revenue-marketer-at-broad-reach-ventures-4441043258?_l=en,LinkedIn,United States,Email Marketer,
Red Bull,,Student Marketeer - University of California Davis,https://www.linkedin.com/jobs/view/student-marketeer-university-of-california-davis-at-red-bull-4442793415?_l=en,LinkedIn,United States,Email Marketer,
Red Bull,,Student Marketeer - University of Pacific,https://www.linkedin.com/jobs/view/student-marketeer-university-of-pacific-at-red-bull-4442799058?_l=en,LinkedIn,United States,Email Marketer,
Sundayy,,Digital Marketing Manager,https://www.linkedin.com/jobs/view/digital-marketing-manager-at-sundayy-4444951128?_l=en,LinkedIn,United States,Email Marketer,
Red Bull,,Student Marketeer - Florida State College at Jacksonville,https://www.linkedin.com/jobs/view/student-marketeer-florida-state-college-at-jacksonville-at-red-bull-4443388300?_l=en,LinkedIn,United States,Email Marketer,
Google,,"Social Strategist, YouTube Brand and Social Marketing",https://www.linkedin.com/jobs/view/social-strategist-youtube-brand-and-social-marketing-at-google-4443180126?_l=en,LinkedIn,United States,Email Marketer,
Red Bull,,Student Marketeer - University at Buffalo,https://www.linkedin.com/jobs/view/student-marketeer-university-at-buffalo-at-red-bull-4367947263?_l=en,LinkedIn,United States,Email Marketer,
Google,,"Social Strategist, YouTube Brand and Social Marketing",https://www.linkedin.com/jobs/view/social-strategist-youtube-brand-and-social-marketing-at-google-4443181019?_l=en,LinkedIn,United States,Email Marketer,
Bose Corporation,eeoc.gov,Salesforce Marketing and Loyalty Product Owner,https://www.linkedin.com/jobs/view/salesforce-marketing-and-loyalty-product-owner-at-bose-corporation-4440484726?_l=en,LinkedIn,United States,Email Marketer,
Inno Supps,,Email Marketing Manager,https://www.linkedin.com/jobs/view/email-marketing-manager-at-inno-supps-4444063038?_l=en,LinkedIn,United States,Email Marketer,
Macmillan Learning,,Performance Marketer,https://www.linkedin.com/jobs/view/performance-marketer-at-macmillan-learning-4433287732?_l=en,LinkedIn,United States,Email Marketer,
Equal Opportunity Ventures,,Senior Brand Marketer,https://www.linkedin.com/jobs/view/senior-brand-marketer-at-equal-opportunity-ventures-4443513316?_l=en,LinkedIn,United States,Email Marketer,
Spot Pet Insurance,,Lifecycle Marketer,https://www.linkedin.com/jobs/view/lifecycle-marketer-at-spot-pet-insurance-4444965636?_l=en,LinkedIn,United States,Email Marketer,
GEICO,,"Director, Agent Marketing",https://www.linkedin.com/jobs/view/director-agent-marketing-at-geico-4426178097?_l=en,LinkedIn,United States,Email Marketer,
DeepLearning.AI,,Lifecycle Marketer,https://www.linkedin.com/jobs/view/lifecycle-marketer-at-deeplearning-ai-4442679229?_l=en,LinkedIn,United States,Email Marketer,
Enhanced,,Email Marketing Manager,https://www.linkedin.com/jobs/view/email-marketing-manager-at-enhanced-4444206352?_l=en,LinkedIn,United States,Email Marketer,
Pogo,,Demand Gen Marketer,https://www.linkedin.com/jobs/view/demand-gen-marketer-at-pogo-4444968498?_l=en,LinkedIn,United States,Email Marketer,
Integreon,,Marketing Compliance Specialist,https://www.linkedin.com/jobs/view/marketing-compliance-specialist-at-integreon-4440172668?_l=en,LinkedIn,United States,Email Marketer,
Red Bull,,Student Marketeer - University of Houston,https://www.linkedin.com/jobs/view/student-marketeer-university-of-houston-at-red-bull-4393928337?_l=en,LinkedIn,United States,Email Marketer,
24 Seven Talent,,Online Campaign Manager,https://www.linkedin.com/jobs/view/online-campaign-manager-at-24-seven-talent-4442246003?_l=en,LinkedIn,United States,Email Marketer,
Red Bull,,"Student Marketeer - California State University, Los Angeles",https://www.linkedin.com/jobs/view/student-marketeer-california-state-university-los-angeles-at-red-bull-4375056931?_l=en,LinkedIn,United States,Email Marketer,
Invesco,,"Senior Marketer, Product Marketing",https://www.linkedin.com/jobs/view/senior-marketer-product-marketing-at-invesco-4415586023?_l=en,LinkedIn,United States,Email Marketer,
TMF360,,"Content Marketer / Writer (SaaS, SalesTech)",https://www.linkedin.com/jobs/view/content-marketer-writer-saas-salestech-at-tmf360-4442795253?_l=en,LinkedIn,United States,Email Marketer,
Spinnaker SCA | A company of Publicis Sapient,,Digital Marketing Manager,https://www.linkedin.com/jobs/view/digital-marketing-manager-at-spinnaker-sca-a-company-of-publicis-sapient-4443987191?_l=en,LinkedIn,United States,Email Marketer,
Truss,,Founding Marketer,https://www.linkedin.com/jobs/view/founding-marketer-at-truss-4442255661?_l=en,LinkedIn,United States,Email Marketer,
TreasurySpring,,US Founding Marketer,https://www.linkedin.com/jobs/view/us-founding-marketer-at-treasuryspring-4444996335?_l=en,LinkedIn,United States,Email Marketer,
Red Bull,,"Student Marketeer - California State University, Sacramento",https://www.linkedin.com/jobs/view/student-marketeer-california-state-university-sacramento-at-red-bull-4442782830?_l=en,LinkedIn,United States,Email Marketer,
Develawpers,,Revenue Marketer,https://www.linkedin.com/jobs/view/revenue-marketer-at-develawpers-4443968347?_l=en,LinkedIn,United States,Email Marketer,
LinkedIn,lnkd.in,"Marketing Data Scientist, Measurement & Experimentation",https://www.linkedin.com/jobs/view/marketing-data-scientist-measurement-experimentation-at-linkedin-4443011652?_l=en,LinkedIn,United States,Email Marketer,
Simplistic,,Senior Retention Marketing Specialist,https://www.linkedin.com/jobs/view/senior-retention-marketing-specialist-at-simplistic-4442576825?_l=en,LinkedIn,United States,Email Marketer,
Red Bull,,Student Marketeer - California State University Long Beach,https://www.linkedin.com/jobs/view/student-marketeer-california-state-university-long-beach-at-red-bull-4420680189?_l=en,LinkedIn,United States,Email Marketer,
Reservoir,,Performance Marketer,https://www.linkedin.com/jobs/view/performance-marketer-at-reservoir-4444004592?_l=en,LinkedIn,United States,Email Marketer,
Red Bull,,Student Marketeer - Azusa Pacific University,https://www.linkedin.com/jobs/view/student-marketeer-azusa-pacific-university-at-red-bull-4412178206?_l=en,LinkedIn,United States,Email Marketer,
GEICO,,"Director, Agent Marketing",https://www.linkedin.com/jobs/view/director-agent-marketing-at-geico-4426188026?_l=en,LinkedIn,United States,Email Marketer,
Roku,weareroku.com,Email & Lifecycle Marketing Manager,https://www.linkedin.com/jobs/view/email-lifecycle-marketing-manager-at-roku-4444770243?_l=en,LinkedIn,United States,Email Marketer,
The Toubes Agency,,Senior Strategy Lead (B2B Brand & Marketing),https://www.linkedin.com/jobs/view/senior-strategy-lead-b2b-brand-marketing-at-the-toubes-agency-4442233171?_l=en,LinkedIn,United States,Email Marketer,
Cognition,,Paid Media Marketer,https://www.linkedin.com/jobs/view/paid-media-marketer-at-cognition-4384403428?_l=en,LinkedIn,United States,Email Marketer,
Red Bull,,"Student Marketeer Team Lead - Sacramento, CA",https://www.linkedin.com/jobs/view/student-marketeer-team-lead-sacramento-ca-at-red-bull-4442782774?_l=en,LinkedIn,United States,Email Marketer,
Google,,"Social Strategist, YouTube Brand and Social Marketing",https://www.linkedin.com/jobs/view/social-strategist-youtube-brand-and-social-marketing-at-google-4443170511?_l=en,LinkedIn,United States,Email Marketer,
Google,,"Social Strategist, YouTube Brand and Social Marketing",https://www.linkedin.com/jobs/view/social-strategist-youtube-brand-and-social-marketing-at-google-4443160878?_l=en,LinkedIn,United States,Email Marketer,
TTP plc,,Omnichannel Marketing Executive,https://www.linkedin.com/jobs/view/omnichannel-marketing-executive-at-ttp-plc-4424598902?_l=en,LinkedIn,United Kingdom,Email Marketer,
Red Bull,,Red Bull Student Marketeer - Sheffield Hallam University,https://www.linkedin.com/jobs/view/red-bull-student-marketeer-sheffield-hallam-university-at-red-bull-4383819056?_l=en,LinkedIn,United Kingdom,Email Marketer,
Red Bull,,Red Bull Student Marketeer - Middlesex University London,https://www.linkedin.com/jobs/view/red-bull-student-marketeer-middlesex-university-london-at-red-bull-4398581445?_l=en,LinkedIn,United Kingdom,Email Marketer,
Blu Digital,,Paid Social Manager - Beauty,https://www.linkedin.com/jobs/view/paid-social-manager-beauty-at-blu-digital-4438009763?_l=en,LinkedIn,United Kingdom,Email Marketer,
Pure Resourcing Solutions,,Email Marketing Executive - 9 month FTC,https://www.linkedin.com/jobs/view/email-marketing-executive-9-month-ftc-at-pure-resourcing-solutions-4444364458?_l=en,LinkedIn,United Kingdom,Email Marketer,
PeakTew,,Marketing Business Developer,https://www.linkedin.com/jobs/view/marketing-business-developer-at-peaktew-4443422716?_l=en,LinkedIn,United Kingdom,Email Marketer,
SGS,,Marketing Apprentice,https://www.linkedin.com/jobs/view/marketing-apprentice-at-sgs-4440127324?_l=en,LinkedIn,United Kingdom,Email Marketer,
Havas Media UK,,Paid Social Executive,https://www.linkedin.com/jobs/view/paid-social-executive-at-havas-media-uk-4442797666?_l=en,LinkedIn,United Kingdom,Email Marketer,
Everpool Recruitment,,Email Marketing Executive,https://www.linkedin.com/jobs/view/email-marketing-executive-at-everpool-recruitment-4444943849?_l=en,LinkedIn,United Kingdom,Email Marketer,
L'Oréal,,"Community Manager - L'Oreal Paris, Consumer Products Division",https://www.linkedin.com/jobs/view/community-manager-l-oreal-paris-consumer-products-division-at-l-or%C3%A9al-4425254851?_l=en,LinkedIn,United Kingdom,Email Marketer,
Debut Studios,,Content and Social Lead,https://www.linkedin.com/jobs/view/content-and-social-lead-at-debut-studios-4443950705?_l=en,LinkedIn,United Kingdom,Email Marketer,
Red Bull,,Red Bull Student Marketeer - De Montfort University,https://www.linkedin.com/jobs/view/red-bull-student-marketeer-de-montfort-university-at-red-bull-4338977823?_l=en,LinkedIn,United Kingdom,Email Marketer,
ProWritingAid,form.typeform.com,Paid Social Performance Marketer,https://www.linkedin.com/jobs/view/paid-social-performance-marketer-at-prowritingaid-4441598910?_l=en,LinkedIn,United Kingdom,Email Marketer,
UGG,,"Brand Experience Specialist (Events & Experiential Marketing), UGG",https://www.linkedin.com/jobs/view/brand-experience-specialist-events-experiential-marketing-ugg-at-ugg-4441007751?_l=en,LinkedIn,United Kingdom,Email Marketer,
Betty,,Performance Marketer | Betty CA,https://www.linkedin.com/jobs/view/performance-marketer-betty-ca-at-betty-4431838095?_l=en,LinkedIn,United Kingdom,Email Marketer,
Red Bull,,Red Bull Student Marketeer - Kings College London,https://www.linkedin.com/jobs/view/red-bull-student-marketeer-kings-college-london-at-red-bull-4398520621?_l=en,LinkedIn,United Kingdom,Email Marketer,
COREcruitment Ltd,,Marketing Manager,https://www.linkedin.com/jobs/view/marketing-manager-at-corecruitment-ltd-4429777581?_l=en,LinkedIn,United Kingdom,Email Marketer,
Agoda,careersatagoda.com,"Senior Analyst, App Marketing (Bangkok Based, Relocation Provided)",https://www.linkedin.com/jobs/view/senior-analyst-app-marketing-bangkok-based-relocation-provided-at-agoda-4410531567?_l=en,LinkedIn,United Kingdom,Email Marketer,
Active Training Team Ltd,,Freelance Content Marketer,https://www.linkedin.com/jobs/view/freelance-content-marketer-at-active-training-team-ltd-4444428224?_l=en,LinkedIn,United Kingdom,Email Marketer,
TTP plc,,Marketing Executive,https://www.linkedin.com/jobs/view/marketing-executive-at-ttp-plc-4424621205?_l=en,LinkedIn,United Kingdom,Email Marketer,
TipTopJob,,Marketing Manager,https://www.linkedin.com/jobs/view/marketing-manager-at-tiptopjob-4442553606?_l=en,LinkedIn,United Kingdom,Email Marketer,
Finden,,GTM / Growth / Marketing - Financial Planning + Wealth (Equity to Pay),https://www.linkedin.com/jobs/view/gtm-growth-marketing-financial-planning-%2B-wealth-equity-to-pay-at-finden-4443098926?_l=en,LinkedIn,United Kingdom,Email Marketer,
Interact Software,,Demand Generation Manager,https://www.linkedin.com/jobs/view/demand-generation-manager-at-interact-software-4436364174?_l=en,LinkedIn,United Kingdom,Email Marketer,
Greenshank Environmental,,Content Marketer,https://www.linkedin.com/jobs/view/content-marketer-at-greenshank-environmental-4442665818?_l=en,LinkedIn,United Kingdom,Email Marketer,
Graff Search,,Marketing Lawyer,https://www.linkedin.com/jobs/view/marketing-lawyer-at-graff-search-4440148186?_l=en,LinkedIn,United Kingdom,Email Marketer,
"Tagged Resources Recruitment specialists supplying Fashion, Beauty, Food and Home",,Content & Social Media Executive - Branded Fashion,https://www.linkedin.com/jobs/view/content-social-media-executive-branded-fashion-at-tagged-resources-recruitment-specialists-supplying-fashion-beauty-food-and-home-4442733188?_l=en,LinkedIn,United Kingdom,Email Marketer,
T-Maxx International,,Social&Content Specialist,https://www.linkedin.com/jobs/view/social-content-specialist-at-t-maxx-international-4440160162?_l=en,LinkedIn,United Kingdom,Email Marketer,
LexisNexis,relx.com,"Segment Marketing Manager, Professional Services",https://www.linkedin.com/jobs/view/segment-marketing-manager-professional-services-at-lexisnexis-4442994718?_l=en,LinkedIn,United Kingdom,Email Marketer,
3M,,Activation Marketer,https://www.linkedin.com/jobs/view/activation-marketer-at-3m-4444327559?_l=en,LinkedIn,United Kingdom,Email Marketer,
Accord Healthcare,,Marketing Product Owner,https://www.linkedin.com/jobs/view/marketing-product-owner-at-accord-healthcare-4441800282?_l=en,LinkedIn,United Kingdom,Email Marketer,
Sumer,,Marketing Business Partner,https://www.linkedin.com/jobs/view/marketing-business-partner-at-sumer-4420920725?_l=en,LinkedIn,United Kingdom,Email Marketer,
Red Bull,,Red Bull Student Marketeer - London School of Economics,https://www.linkedin.com/jobs/view/red-bull-student-marketeer-london-school-of-economics-at-red-bull-4398963360?_l=en,LinkedIn,United Kingdom,Email Marketer,
ThePlaceToBe,,Paid Social Manager,https://www.linkedin.com/jobs/view/paid-social-manager-at-theplacetobe-4443336688?_l=en,LinkedIn,United Kingdom,Email Marketer,
Wild,,Paid Social Content Executive (USA),https://www.linkedin.com/jobs/view/paid-social-content-executive-usa-at-wild-4442678692?_l=en,LinkedIn,United Kingdom,Email Marketer,
Red Bull,,Red Bull Student Marketeer - Surrey University,https://www.linkedin.com/jobs/view/red-bull-student-marketeer-surrey-university-at-red-bull-4375154802?_l=en,LinkedIn,United Kingdom,Email Marketer,
Bolt,,"Marketing Specialist, UK & IE",https://www.linkedin.com/jobs/view/marketing-specialist-uk-ie-at-bolt-4443148776?_l=en,LinkedIn,United Kingdom,Email Marketer,
Red Bull,,Red Bull Student Marketeer - University of Essex,https://www.linkedin.com/jobs/view/red-bull-student-marketeer-university-of-essex-at-red-bull-4375422631?_l=en,LinkedIn,United Kingdom,Email Marketer,
Stott and May,,Salesforce Marketing Cloud Solution Architect,https://www.linkedin.com/jobs/view/salesforce-marketing-cloud-solution-architect-at-stott-and-may-4443881592?_l=en,LinkedIn,United Kingdom,Email Marketer,
Sparc,,Performance Marketeer,https://www.linkedin.com/jobs/view/performance-marketeer-at-sparc-4442968094?_l=en,LinkedIn,United Kingdom,Email Marketer,
Morphe,,Influencer Marketing Senior Specialist,https://www.linkedin.com/jobs/view/influencer-marketing-senior-specialist-at-morphe-4443922740?_l=en,LinkedIn,United Kingdom,Email Marketer,
Rakuten,,"Web Director - Brand Marketing Strategy Department, Marketing Division",https://www.linkedin.com/jobs/view/web-director-brand-marketing-strategy-department-marketing-division-at-rakuten-4443317906?_l=en,LinkedIn,United Kingdom,Email Marketer,
Boomerang. Part of Publicis Groupe,,Junior Social Creative,https://www.linkedin.com/jobs/view/junior-social-creative-at-boomerang-part-of-publicis-groupe-4444263471?_l=en,LinkedIn,United Kingdom,Email Marketer,
TipTopJob,,Interim Marketing Lead 3:Month Fixed:Term Contract A GBP 80/90k,https://www.linkedin.com/jobs/view/interim-marketing-lead-3-month-fixed-term-contract-a-gbp-80-90k-at-tiptopjob-4442490782?_l=en,LinkedIn,United Kingdom,Email Marketer,
Tyk,tyk.io,"Senior Project Manager, Marketing & Commercial - EMEA",https://www.linkedin.com/jobs/view/senior-project-manager-marketing-commercial-emea-at-tyk-4444482052?_l=en,LinkedIn,United Kingdom,Email Marketer,
4PS by Hilti - UK,,Field Marketeer - UK & Sweden,https://www.linkedin.com/jobs/view/field-marketeer-uk-sweden-at-4ps-by-hilti-uk-4425481542?_l=en,LinkedIn,United Kingdom,Email Marketer,
Red Bull,,Red Bull Student Marketeer - Portsmouth University,https://www.linkedin.com/jobs/view/red-bull-student-marketeer-%C2%A0portsmouth-university-at-red-bull-4383879163?_l=en,LinkedIn,United Kingdom,Email Marketer,
Red Bull,,"Red Bull Student Marketeer - Goldsmiths, University of London",https://www.linkedin.com/jobs/view/red-bull-student-marketeer-goldsmiths-university-of-london-at-red-bull-4398574699?_l=en,LinkedIn,United Kingdom,Email Marketer,
Red Bull,,Red Bull Student Marketeer - University of Leeds,https://www.linkedin.com/jobs/view/red-bull-student-marketeer-university-of-leeds-at-red-bull-4383816178?_l=en,LinkedIn,United Kingdom,Email Marketer,
ThePlaceToBe,,Paid Social Manager,https://www.linkedin.com/jobs/view/paid-social-manager-at-theplacetobe-4443337795?_l=en,LinkedIn,United Kingdom,Email Marketer,
Red Bull,,Red Bull Student Marketeer - University of Reading,https://www.linkedin.com/jobs/view/red-bull-student-marketeer-university-of-reading-at-red-bull-4375169412?_l=en,LinkedIn,United Kingdom,Email Marketer,
Clever Digital Marketing,,Performance Marketing Specialist,https://www.linkedin.com/jobs/view/performance-marketing-specialist-at-clever-digital-marketing-4416307895?_l=en,LinkedIn,Canada,Email Marketer,
Leaf Home,,Event Marketer,https://www.linkedin.com/jobs/view/event-marketer-at-leaf-home-4397373048?_l=en,LinkedIn,Canada,Email Marketer,
GeoComply,,Senior Content Marketer (12-month Contract),https://www.linkedin.com/jobs/view/senior-content-marketer-12-month-contract-at-geocomply-4420238006?_l=en,LinkedIn,Canada,Email Marketer,
Master Casting and Cad,,Polisher- Fine Jewelry,https://www.linkedin.com/jobs/view/polisher-fine-jewelry-at-master-casting-and-cad-4441725302?_l=en,LinkedIn,Canada,Email Marketer,
DataAnnotation,,SEO Specialist (Independent Contractor) - AI Trainer,https://www.linkedin.com/jobs/view/seo-specialist-independent-contractor-ai-trainer-at-dataannotation-4367634464?_l=en,LinkedIn,Canada,Email Marketer,
Victaulic,,"Marketing Specialist - Brampton, ON",https://www.linkedin.com/jobs/view/marketing-specialist-brampton-on-at-victaulic-4445263892?_l=en,LinkedIn,Canada,Email Marketer,
"Reddit, Inc.",,"Staff Data Scientist, Marketing",https://www.linkedin.com/jobs/view/staff-data-scientist-marketing-at-reddit-inc-4442735530?_l=en,LinkedIn,Canada,Email Marketer,
Raymond James Ltd.,,"Spécialiste en marketing, Équipe du contenu marketing",https://www.linkedin.com/jobs/view/sp%C3%A9cialiste-en-marketing-%C3%A9quipe-du-contenu-marketing-at-raymond-james-ltd-4443011659?_l=en,LinkedIn,Canada,Email Marketer,
Axis Insurance,,Senior Marketer,https://www.linkedin.com/jobs/view/senior-marketer-at-axis-insurance-4444393997?_l=en,LinkedIn,Canada,Email Marketer,
Nachi America Inc.,,Marketing Content Specialist,https://www.linkedin.com/jobs/view/marketing-content-specialist-at-nachi-america-inc-4444037607?_l=en,LinkedIn,Canada,Email Marketer,
Business in the Streets,airtable.com,Marketing/Sales Mentor,https://www.linkedin.com/jobs/view/marketing-sales-mentor-at-business-in-the-streets-4443912774?_l=en,LinkedIn,Canada,Email Marketer,
Beacon Software,,Member of GTM Staff - Toronto,https://www.linkedin.com/jobs/view/member-of-gtm-staff-toronto-at-beacon-software-4443082434?_l=en,LinkedIn,Canada,Email Marketer,
Red Bull,,Red Bull Student Marketeer - University of Manitoba,https://www.linkedin.com/jobs/view/red-bull-student-marketeer-university-of-manitoba-at-red-bull-3691570724?_l=en,LinkedIn,Canada,Email Marketer,
Red Bull,,Red Bull Student Marketeer - University of New Brunswick,https://www.linkedin.com/jobs/view/red-bull-student-marketeer-university-of-new-brunswick-at-red-bull-4334728308?_l=en,LinkedIn,Canada,Email Marketer,
Red Bull,,Student Marketeer - Western University,https://www.linkedin.com/jobs/view/student-marketeer-western-university-at-red-bull-4366255855?_l=en,LinkedIn,Canada,Email Marketer,
DataAnnotation,,Digital Marketing Specialist (Independent Contractor) - AI Trainer,https://www.linkedin.com/jobs/view/digital-marketing-specialist-independent-contractor-ai-trainer-at-dataannotation-4367634448?_l=en,LinkedIn,Canada,Email Marketer,
Zen Educate,,Growth Representative,https://www.linkedin.com/jobs/view/growth-representative-at-zen-educate-4442239244?_l=en,LinkedIn,Canada,Email Marketer,
The Home Depot Canada,,Email Developer,https://www.linkedin.com/jobs/view/email-developer-at-the-home-depot-canada-4432682444?_l=en,LinkedIn,Canada,Email Marketer,
LumiQ,,Lifecycle Marketing Manager,https://www.linkedin.com/jobs/view/lifecycle-marketing-manager-at-lumiq-4442487550?_l=en,LinkedIn,Canada,Email Marketer,
Marcon,,Marketing Specialist,https://www.linkedin.com/jobs/view/marketing-specialist-at-marcon-4443995260?_l=en,LinkedIn,Canada,Email Marketer,
Jai Homes,,social media coordinator,https://www.linkedin.com/jobs/view/social-media-coordinator-at-jai-homes-4443124922?_l=en,LinkedIn,Canada,Email Marketer,
KPMG Canada,,Digital Marketing Coordinator,https://www.linkedin.com/jobs/view/digital-marketing-coordinator-at-kpmg-canada-4444774450?_l=en,LinkedIn,Canada,Email Marketer,
Vos Collection,,Clinic Marketing Specialist,https://www.linkedin.com/jobs/view/clinic-marketing-specialist-at-vos-collection-4440347917?_l=en,LinkedIn,Canada,Email Marketer,
Leaf Home,,Part-time Event Marketer,https://www.linkedin.com/jobs/view/part-time-event-marketer-at-leaf-home-4408745816?_l=en,LinkedIn,Canada,Email Marketer,
Klick,,Paid Social Coordinator,https://www.linkedin.com/jobs/view/paid-social-coordinator-at-klick-4404110460?_l=en,LinkedIn,Canada,Email Marketer,
Дмитрий Чуприна и Партнеры,skd.kg,В Бишкеке в компанию SK Development требуется маркетолог!,https://www.linkedin.com/jobs/view/%D0%B2-%D0%B1%D0%B8%D1%88%D0%BA%D0%B5%D0%BA%D0%B5-%D0%B2-%D0%BA%D0%BE%D0%BC%D0%BF%D0%B0%D0%BD%D0%B8%D1%8E-sk-development-%D1%82%D1%80%D0%B5%D0%B1%D1%83%D0%B5%D1%82%D1%81%D1%8F-%D0%BC%D0%B0%D1%80%D0%BA%D0%B5%D1%82%D0%BE%D0%BB%D0%BE%D0%B3%21-at-%D0%B4%D0%BC%D0%B8%D1%82%D1%80%D0%B8%D0%B9-%D1%87%D1%83%D0%BF%D1%80%D0%B8%D0%BD%D0%B0-%D0%B8-%D0%BF%D0%B0%D1%80%D1%82%D0%BD%D0%B5%D1%80%D1%8B-4442683751?_l=en,LinkedIn,Canada,Email Marketer,
Kristian Electric Ltd.,,Social Media Coordinator,https://www.linkedin.com/jobs/view/social-media-coordinator-at-kristian-electric-ltd-4444050360?_l=en,LinkedIn,Canada,Email Marketer,
Red Bull,,Red Bull Student Marketeer - Keyano College,https://www.linkedin.com/jobs/view/red-bull-student-marketeer-keyano-college-at-red-bull-4434087290?_l=en,LinkedIn,Canada,Email Marketer,
Agoda,careersatagoda.com,"Senior Analyst, App Marketing (Bangkok Based, Relocation Provided)",https://www.linkedin.com/jobs/view/senior-analyst-app-marketing-bangkok-based-relocation-provided-at-agoda-4410528563?_l=en,LinkedIn,Canada,Email Marketer,
"Kumon North America, Inc.",,Franchise Recruitment Strategy Specialist,https://www.linkedin.com/jobs/view/franchise-recruitment-strategy-specialist-at-kumon-north-america-inc-4440462438?_l=en,LinkedIn,Canada,Email Marketer,
SYNERGY SEMIOCHEMICALS CORPORATION,,Marketing and Sales Lead Forest Entomology,https://www.linkedin.com/jobs/view/marketing-and-sales-lead-forest-entomology-at-synergy-semiochemicals-corporation-4442682815?_l=en,LinkedIn,Canada,Email Marketer,
H&M,,Owned Media Lead,https://www.linkedin.com/jobs/view/owned-media-lead-at-h-m-4427556186?_l=en,LinkedIn,Canada,Email Marketer,
Blackstone,,"Channel Marketer, Canada, AVP - Corporate Affairs",https://www.linkedin.com/jobs/view/channel-marketer-canada-avp-corporate-affairs-at-blackstone-4443178906?_l=en,LinkedIn,Canada,Email Marketer,
SaskCulture,wdm.ca,Marketing Specialist,https://www.linkedin.com/jobs/view/marketing-specialist-at-saskculture-4442942893?_l=en,LinkedIn,Canada,Email Marketer,
FENCECORE,,Performance Marketing Specialist,https://www.linkedin.com/jobs/view/performance-marketing-specialist-at-fencecore-4444035162?_l=en,LinkedIn,Canada,Email Marketer,
Fleet,,Marketing Co-Founder,https://www.linkedin.com/jobs/view/marketing-co-founder-at-fleet-4444659568?_l=en,LinkedIn,Canada,Email Marketer,
Red Bull,,Red Bull Student Marketeer - Wilfrid Laurier University,https://www.linkedin.com/jobs/view/red-bull-student-marketeer-wilfrid-laurier-university-at-red-bull-4383802759?_l=en,LinkedIn,Canada,Email Marketer,
Munvo,,Client Partner - Digital Marketing/Marketing Technology,https://www.linkedin.com/jobs/view/client-partner-digital-marketing-marketing-technology-at-munvo-4443021043?_l=en,LinkedIn,Canada,Email Marketer,
Milestone Integrated,,Create the kind of social people actually want to watch...,https://www.linkedin.com/jobs/view/create-the-kind-of-social-people-actually-want-to-watch-at-milestone-integrated-4444728158?_l=en,LinkedIn,Canada,Email Marketer,
Mastercard,,"Senior Specialist, Loyalty Rewards",https://www.linkedin.com/jobs/view/senior-specialist-loyalty-rewards-at-mastercard-4440188385?_l=en,LinkedIn,Canada,Email Marketer,
Trustworthy SEO Company,,GrowME Marketing,https://www.linkedin.com/jobs/view/growme-marketing-at-trustworthy-seo-company-4442243924?_l=en,LinkedIn,Canada,Email Marketer,
Ville de Montréal,montreal.ca,Agent(e) de marketing- Stratégie 360,https://www.linkedin.com/jobs/view/agent-e-de-marketing-strat%C3%A9gie-360-at-ville-de-montr%C3%A9al-4443502619?_l=en,LinkedIn,Canada,Email Marketer,
JobsMedia.io,,"Marketer (E&O, D&O, Cyber)",https://www.linkedin.com/jobs/view/marketer-e-o-d-o-cyber-at-jobsmedia-io-4445302214?_l=en,LinkedIn,Canada,Email Marketer,
Red Bull,,Student Marketeer - St. Clair College,https://www.linkedin.com/jobs/view/student-marketeer-st-clair-college-at-red-bull-4425692165?_l=en,LinkedIn,Canada,Email Marketer,
Red Bull,,Red Bull Student Marketeer - Université de Montréal (Campus Laval),https://www.linkedin.com/jobs/view/red-bull-student-marketeer-universit%C3%A9-de-montr%C3%A9al-campus-laval-at-red-bull-4358313359?_l=en,LinkedIn,Canada,Email Marketer,
Leaf Home,,Part-time Event Marketer,https://www.linkedin.com/jobs/view/part-time-event-marketer-at-leaf-home-4408756069?_l=en,LinkedIn,Canada,Email Marketer,
"Mitsubishi Motor Sales of Canada, Inc.",,"Specialist, Content Marketing & Personalization",https://www.linkedin.com/jobs/view/specialist-content-marketing-personalization-at-mitsubishi-motor-sales-of-canada-inc-4443435136?_l=en,LinkedIn,Canada,Email Marketer,
Ethos,,"Expert Opportunity - Marketing Specialist ($70/hr, up to $1,400/week)",https://www.linkedin.com/jobs/view/expert-opportunity-marketing-specialist-%2470-hr-up-to-%241-400-week-at-ethos-4442591825?_l=en,LinkedIn,Canada,Email Marketer,
Red Bull,,Red Bull Student Marketeer - University of Waterloo,https://www.linkedin.com/jobs/view/red-bull-student-marketeer-university-of-waterloo-at-red-bull-4344506116?_l=en,LinkedIn,Canada,Email Marketer,
Sage,,Demand Generation Marketing Manager,https://www.linkedin.com/jobs/view/demand-generation-marketing-manager-at-sage-4427941936?_l=en,LinkedIn,Canada,Email Marketer,
TEASPRESSA,,Email Marketing & eCommerce Specialist,https://www.linkedin.com/jobs/view/email-marketing-ecommerce-specialist-at-teaspressa-4442916006?_l=en,LinkedIn,United States,Email Marketing Specialist,
DoorDash,getcovey.com,"Associate, Cx Campaign Operations - Strategic Bets",https://www.linkedin.com/jobs/view/associate-cx-campaign-operations-strategic-bets-at-doordash-4422202144?_l=en,LinkedIn,United States,Email Marketing Specialist,
Bass Pro Shops,,Senior Email Marketing Specialist,https://www.linkedin.com/jobs/view/senior-email-marketing-specialist-at-bass-pro-shops-4436400078?_l=en,LinkedIn,United States,Email Marketing Specialist,
Generational Group,,"Email Marketing Specialist, M&A",https://www.linkedin.com/jobs/view/email-marketing-specialist-m-a-at-generational-group-4440491704?_l=en,LinkedIn,United States,Email Marketing Specialist,
DoorDash,getcovey.com,"Associate, Cx Campaign Operations - Strategic Bets",https://www.linkedin.com/jobs/view/associate-cx-campaign-operations-strategic-bets-at-doordash-4421993153?_l=en,LinkedIn,United States,Email Marketing Specialist,
SOREL,eeoc.gov,SOREL Senior Email Marketing Specialist,https://www.linkedin.com/jobs/view/sorel-senior-email-marketing-specialist-at-sorel-4437931625?_l=en,LinkedIn,United States,Email Marketing Specialist,
LeadingResponse,,Email Specialist,https://www.linkedin.com/jobs/view/email-specialist-at-leadingresponse-4443983599?_l=en,LinkedIn,United States,Email Marketing Specialist,
YMCA of Metropolitan Chicago,,"Specialist, Marketing",https://www.linkedin.com/jobs/view/specialist-marketing-at-ymca-of-metropolitan-chicago-4444251058?_l=en,LinkedIn,United States,Email Marketing Specialist,
Lions Clubs International,,Marketing Operations Specialist,https://www.linkedin.com/jobs/view/marketing-operations-specialist-at-lions-clubs-international-4444615001?_l=en,LinkedIn,United States,Email Marketing Specialist,
CoralTree Hospitality,,Marketing Coordinator,https://www.linkedin.com/jobs/view/marketing-coordinator-at-coraltree-hospitality-4434300435?_l=en,LinkedIn,United States,Email Marketing Specialist,
Allposters,,Lifecycle Marketing & Site Merchandising Specialist,https://www.linkedin.com/jobs/view/lifecycle-marketing-site-merchandising-specialist-at-allposters-4442662035?_l=en,LinkedIn,United States,Email Marketing Specialist,
Grant Cardone Enterprises,,Marketing Automation Specialist,https://www.linkedin.com/jobs/view/marketing-automation-specialist-at-grant-cardone-enterprises-4443936421?_l=en,LinkedIn,United States,Email Marketing Specialist,
Komatsu,,eMail Marketing & Automation Specialist,https://www.linkedin.com/jobs/view/email-marketing-automation-specialist-at-komatsu-4386908914?_l=en,LinkedIn,United States,Email Marketing Specialist,
Northbound Executive Search,,Digital Marketing Specialist,https://www.linkedin.com/jobs/view/digital-marketing-specialist-at-northbound-executive-search-4441843409?_l=en,LinkedIn,United States,Email Marketing Specialist,
PragerU,prageru.com.,Email Marketing Coordinator,https://www.linkedin.com/jobs/view/email-marketing-coordinator-at-prageru-4443580150?_l=en,LinkedIn,United States,Email Marketing Specialist,
Octave,,Marketing Operations Specialist,https://www.linkedin.com/jobs/view/marketing-operations-specialist-at-octave-4425048831?_l=en,LinkedIn,United States,Email Marketing Specialist,
Chamberlain Group,,Lifecycle Marketing Specialist,https://www.linkedin.com/jobs/view/lifecycle-marketing-specialist-at-chamberlain-group-4436107413?_l=en,LinkedIn,United States,Email Marketing Specialist,
Cosign,,CRM & Email Automation Specialist,https://www.linkedin.com/jobs/view/crm-email-automation-specialist-at-cosign-4443388731?_l=en,LinkedIn,United States,Email Marketing Specialist,
iSpeedToLead,,Email Automation & Deliverability Specialist,https://www.linkedin.com/jobs/view/email-automation-deliverability-specialist-at-ispeedtolead-4444716655?_l=en,LinkedIn,United States,Email Marketing Specialist,
Fabletics,,CRM Specialist,https://www.linkedin.com/jobs/view/crm-specialist-at-fabletics-4443970352?_l=en,LinkedIn,United States,Email Marketing Specialist,
Mary Kay Global,,"Sr. Specialist, Email Marketing",https://www.linkedin.com/jobs/view/sr-specialist-email-marketing-at-mary-kay-global-4396849186?_l=en,LinkedIn,United States,Email Marketing Specialist,
Orveon Global,,Coordinator CRM,https://www.linkedin.com/jobs/view/coordinator-crm-at-orveon-global-4425865793?_l=en,LinkedIn,United States,Email Marketing Specialist,
WOLFpak,,Retention Marketing/Ad Creative,https://www.linkedin.com/jobs/view/retention-marketing-ad-creative-at-wolfpak-4444026788?_l=en,LinkedIn,United States,Email Marketing Specialist,
LEARFIELD,,Marketing Automation Specialist,https://www.linkedin.com/jobs/view/marketing-automation-specialist-at-learfield-4441846299?_l=en,LinkedIn,United States,Email Marketing Specialist,
Backroads,,CRM & Lifecycle Marketing Specialist,https://www.linkedin.com/jobs/view/crm-lifecycle-marketing-specialist-at-backroads-4443445175?_l=en,LinkedIn,United States,Email Marketing Specialist,
Crate & Barrel,,"Associate Marketing Manager, Lifecycle",https://www.linkedin.com/jobs/view/associate-marketing-manager-lifecycle-at-crate-barrel-4429723249?_l=en,LinkedIn,United States,Email Marketing Specialist,
MSC Cruises,,Direct Marketing Specialist - Email and SMS,https://www.linkedin.com/jobs/view/direct-marketing-specialist-email-and-sms-at-msc-cruises-4435162843?_l=en,LinkedIn,United States,Email Marketing Specialist,
John Hancock,manulife.com,"Digital Marketing Automation, Specialist",https://www.linkedin.com/jobs/view/digital-marketing-automation-specialist-at-john-hancock-4444039527?_l=en,LinkedIn,United States,Email Marketing Specialist,
Super Star Car Wash,,CRM & Lifecycle Marketing Specialist,https://www.linkedin.com/jobs/view/crm-lifecycle-marketing-specialist-at-super-star-car-wash-4444753468?_l=en,LinkedIn,United States,Email Marketing Specialist,
Cornerstone Advertising Inc,,Digital Marketing Specialist,https://www.linkedin.com/jobs/view/digital-marketing-specialist-at-cornerstone-advertising-inc-4420978459?_l=en,LinkedIn,United States,Email Marketing Specialist,
Ecommerce Guide,,CRM & Lifecycle Marketing Specialist,https://www.linkedin.com/jobs/view/crm-lifecycle-marketing-specialist-at-ecommerce-guide-4444461219?_l=en,LinkedIn,United States,Email Marketing Specialist,
Ramsey Solutions,,Email Marketing Specialist,https://www.linkedin.com/jobs/view/email-marketing-specialist-at-ramsey-solutions-4440411389?_l=en,LinkedIn,United States,Email Marketing Specialist,
"Encyclopaedia Britannica, Inc.",,Marketing Analytics and Campaign Associate,https://www.linkedin.com/jobs/view/marketing-analytics-and-campaign-associate-at-encyclopaedia-britannica-inc-4445234012?_l=en,LinkedIn,United States,Email Marketing Specialist,
PragerU,prageru.com.,Email Marketing Coordinator,https://www.linkedin.com/jobs/view/email-marketing-coordinator-at-prageru-4443716434?_l=en,LinkedIn,United States,Email Marketing Specialist,
Surroundings Group,,Email Marketing Specialist,https://www.linkedin.com/jobs/view/email-marketing-specialist-at-surroundings-group-4443579543?_l=en,LinkedIn,United States,Email Marketing Specialist,
Our Sunday Visitor,,Lifecycle Marketing Specilaist,https://www.linkedin.com/jobs/view/lifecycle-marketing-specilaist-at-our-sunday-visitor-4443000029?_l=en,LinkedIn,United States,Email Marketing Specialist,
Brady Corporation,,Marketing Automation Specialist,https://www.linkedin.com/jobs/view/marketing-automation-specialist-at-brady-corporation-4441004346?_l=en,LinkedIn,United States,Email Marketing Specialist,
Sweetwater,,Email Marketing Specialist,https://www.linkedin.com/jobs/view/email-marketing-specialist-at-sweetwater-4415397621?_l=en,LinkedIn,United States,Email Marketing Specialist,
Lucky Strike Entertainment,,CRM Specialist,https://www.linkedin.com/jobs/view/crm-specialist-at-lucky-strike-entertainment-4433447241?_l=en,LinkedIn,United States,Email Marketing Specialist,
Genworth,,Lifecycle Marketing Specialist,https://www.linkedin.com/jobs/view/lifecycle-marketing-specialist-at-genworth-4443158894?_l=en,LinkedIn,United States,Email Marketing Specialist,
Children's Aid,,Web and Email Specialist,https://www.linkedin.com/jobs/view/web-and-email-specialist-at-children-s-aid-4443988898?_l=en,LinkedIn,United States,Email Marketing Specialist,
"Generational Equity, LLC",,"Email Marketing Specialist, M&A",https://www.linkedin.com/jobs/view/email-marketing-specialist-m-a-at-generational-equity-llc-4445243625?_l=en,LinkedIn,United States,Email Marketing Specialist,
Fordham University,,Email Marketing Automation Specialist,https://www.linkedin.com/jobs/view/email-marketing-automation-specialist-at-fordham-university-4434639395?_l=en,LinkedIn,United States,Email Marketing Specialist,
Wiley,,Email Advertising Operations Specialist,https://www.linkedin.com/jobs/view/email-advertising-operations-specialist-at-wiley-4432731109?_l=en,LinkedIn,United States,Email Marketing Specialist,
"California State University, Northridge",csun.edu,Membership Specialist,https://www.linkedin.com/jobs/view/membership-specialist-at-california-state-university-northridge-4444613601?_l=en,LinkedIn,United States,Email Marketing Specialist,
Ecommerce Guide,,Lifecycle Marketing Associate,https://www.linkedin.com/jobs/view/lifecycle-marketing-associate-at-ecommerce-guide-4444252168?_l=en,LinkedIn,United States,Email Marketing Specialist,
Bright Horizons,careers.brighthorizons.com,"Marketing Specialist, CRM Campaigns",https://www.linkedin.com/jobs/view/marketing-specialist-crm-campaigns-at-bright-horizons-4427659071?_l=en,LinkedIn,United States,Email Marketing Specialist,
The Morton Arboretum,,Marketing Specialist,https://www.linkedin.com/jobs/view/marketing-specialist-at-the-morton-arboretum-4443334250?_l=en,LinkedIn,United States,Email Marketing Specialist,
Sport Clips Haircuts,,Lifecycle & Loyalty Marketing Specialist,https://www.linkedin.com/jobs/view/lifecycle-loyalty-marketing-specialist-at-sport-clips-haircuts-4427781406?_l=en,LinkedIn,United States,Email Marketing Specialist,
Engel & Völkers,,Communications & Email Marketing Specialist,https://www.linkedin.com/jobs/view/communications-email-marketing-specialist-at-engel-v%C3%B6lkers-4441829675?_l=en,LinkedIn,United States,Email Marketing Specialist,
Russell Publishing,,Marketing Coordinator,https://www.linkedin.com/jobs/view/marketing-coordinator-at-russell-publishing-4444987789?_l=en,LinkedIn,United Kingdom,Email Marketing Specialist,
MAI UK,,Digital Marketing Specialist,https://www.linkedin.com/jobs/view/digital-marketing-specialist-at-mai-uk-4439689345?_l=en,LinkedIn,United Kingdom,Email Marketing Specialist,
BFB Labs,,Digital Marketing Lead (Freelance / Contract),https://www.linkedin.com/jobs/view/digital-marketing-lead-freelance-contract-at-bfb-labs-4442588065?_l=en,LinkedIn,United Kingdom,Email Marketing Specialist,
The City of Liverpool College,,Digital Marketing Officer (Content and Social),https://www.linkedin.com/jobs/view/digital-marketing-officer-content-and-social-at-the-city-of-liverpool-college-4443952014?_l=en,LinkedIn,United Kingdom,Email Marketing Specialist,
Association of International Certified Professional Accountants,,Lead Specialist - Email Marketing,https://www.linkedin.com/jobs/view/lead-specialist-email-marketing-at-association-of-international-certified-professional-accountants-4426383717?_l=en,LinkedIn,United Kingdom,Email Marketing Specialist,
Pure Fishing,,CRM & Email Marketing Assistant,https://www.linkedin.com/jobs/view/crm-email-marketing-assistant-at-pure-fishing-4440130387?_l=en,LinkedIn,United Kingdom,Email Marketing Specialist,
Royal Museums Greenwich,,Email Marketing Specialist,https://www.linkedin.com/jobs/view/email-marketing-specialist-at-royal-museums-greenwich-4444463956?_l=en,LinkedIn,United Kingdom,Email Marketing Specialist,
ParentPay Group,,Senior CRM & Email Marketing Manager,https://www.linkedin.com/jobs/view/senior-crm-email-marketing-manager-at-parentpay-group-4440573347?_l=en,LinkedIn,United Kingdom,Email Marketing Specialist,
Talent Forte,,Email Marketing Executive,https://www.linkedin.com/jobs/view/email-marketing-executive-at-talent-forte-4441574709?_l=en,LinkedIn,United Kingdom,Email Marketing Specialist,
Cats Protection,,Email Marketing Assistant,https://www.linkedin.com/jobs/view/email-marketing-assistant-at-cats-protection-4440156620?_l=en,LinkedIn,United Kingdom,Email Marketing Specialist,
Better Placed Ltd - A Sunday Times Top 10 Employer!,,Trade Marketing Coordinator,https://www.linkedin.com/jobs/view/trade-marketing-coordinator-at-better-placed-ltd-a-sunday-times-top-10-employer%21-4442588797?_l=en,LinkedIn,United Kingdom,Email Marketing Specialist,
Elevation Recruitment Group,,Digital Marketing Executive,https://www.linkedin.com/jobs/view/digital-marketing-executive-at-elevation-recruitment-group-4443149775?_l=en,LinkedIn,United Kingdom,Email Marketing Specialist,
Vantify,,Email Marketing Executive,https://www.linkedin.com/jobs/view/email-marketing-executive-at-vantify-4443393406?_l=en,LinkedIn,United Kingdom,Email Marketing Specialist,
XP Power,,Email Marketing Executive,https://www.linkedin.com/jobs/view/email-marketing-executive-at-xp-power-4431097121?_l=en,LinkedIn,United Kingdom,Email Marketing Specialist,
Selby Jennings,,Hedge Fund Digital Marketing Analyst/Associate,https://www.linkedin.com/jobs/view/hedge-fund-digital-marketing-analyst-associate-at-selby-jennings-4442710851?_l=en,LinkedIn,United Kingdom,Email Marketing Specialist,
targetjobs UK,,Digital Marketing Graduate Associate,https://www.linkedin.com/jobs/view/digital-marketing-graduate-associate-at-targetjobs-uk-4444000056?_l=en,LinkedIn,United Kingdom,Email Marketing Specialist,
Temple University,,Email Marketing Specialist,https://www.linkedin.com/jobs/view/email-marketing-specialist-at-temple-university-4444306691?_l=en,LinkedIn,United Kingdom,Email Marketing Specialist,
PURESEOUL • The Home of K-Beauty,,Performance Marketing Coordinator,https://www.linkedin.com/jobs/view/performance-marketing-coordinator-at-pureseoul-%E2%80%A2-the-home-of-k-beauty-4444776755?_l=en,LinkedIn,United Kingdom,Email Marketing Specialist,
Association Of British Orchestras,,Digital Marketing and Communications Co-ordinator,https://www.linkedin.com/jobs/view/digital-marketing-and-communications-co-ordinator-at-association-of-british-orchestras-4440443034?_l=en,LinkedIn,United Kingdom,Email Marketing Specialist,
WildBrain,,Media Operations Co-ordinator,https://www.linkedin.com/jobs/view/media-operations-co-ordinator-at-wildbrain-4443510173?_l=en,LinkedIn,United Kingdom,Email Marketing Specialist,
MDPI,mdpi.com,PPC - Digital Marketing Specialist,https://www.linkedin.com/jobs/view/ppc-digital-marketing-specialist-at-mdpi-4434797077?_l=en,LinkedIn,United Kingdom,Email Marketing Specialist,
The City of Liverpool College,,Digital Marketing Officer (Paid and Performance),https://www.linkedin.com/jobs/view/digital-marketing-officer-paid-and-performance-at-the-city-of-liverpool-college-4444401875?_l=en,LinkedIn,United Kingdom,Email Marketing Specialist,
Intelligent People,,Customer Relationship Management Specialist,https://www.linkedin.com/jobs/view/customer-relationship-management-specialist-at-intelligent-people-4441818049?_l=en,LinkedIn,United Kingdom,Email Marketing Specialist,
"St Mary’s University, Twickenham",,Digital Marketing Officer (Tech Lead),https://www.linkedin.com/jobs/view/digital-marketing-officer-tech-lead-at-st-mary%E2%80%99s-university-twickenham-4433890988?_l=en,LinkedIn,United Kingdom,Email Marketing Specialist,
RN Jobforce,,Marketing Coordinator,https://www.linkedin.com/jobs/view/marketing-coordinator-at-rn-jobforce-4445254807?_l=en,LinkedIn,United Kingdom,Email Marketing Specialist,
Colebrook Bosson Saunders,,Digital Marketing Specialist,https://www.linkedin.com/jobs/view/digital-marketing-specialist-at-colebrook-bosson-saunders-4425827747?_l=en,LinkedIn,United Kingdom,Email Marketing Specialist,
Smarsh,,Marketing Programs Coordinator,https://www.linkedin.com/jobs/view/marketing-programs-coordinator-at-smarsh-4444490298?_l=en,LinkedIn,United Kingdom,Email Marketing Specialist,
RJA-Consulting,,Marketing Coordinator,https://www.linkedin.com/jobs/view/marketing-coordinator-at-rja-consulting-4443312947?_l=en,LinkedIn,United Kingdom,Email Marketing Specialist,
Propel,,Email Marketing Specialist (Contract),https://www.linkedin.com/jobs/view/email-marketing-specialist-contract-at-propel-4443356933?_l=en,LinkedIn,United Kingdom,Email Marketing Specialist,
SPT Labtech,,Digital Content & Growth Marketing Specialist,https://www.linkedin.com/jobs/view/digital-content-growth-marketing-specialist-at-spt-labtech-4442729229?_l=en,LinkedIn,United Kingdom,Email Marketing Specialist,
BigHand,,Field Marketing Lead,https://www.linkedin.com/jobs/view/field-marketing-lead-at-bighand-4440194755?_l=en,LinkedIn,United Kingdom,Email Marketing Specialist,
AS Watson,,Digital Marketing Specialist,https://www.linkedin.com/jobs/view/digital-marketing-specialist-at-as-watson-4443393834?_l=en,LinkedIn,United Kingdom,Email Marketing Specialist,
"UNICAT Catalyst Technologies, LLC",,Digital Marketing Officer,https://www.linkedin.com/jobs/view/digital-marketing-officer-at-unicat-catalyst-technologies-llc-4443358671?_l=en,LinkedIn,United Kingdom,Email Marketing Specialist,
Lancaster Fairfield County Chamber of Commerce,,Part-Time Marketing Coordinator,https://www.linkedin.com/jobs/view/part-time-marketing-coordinator-at-lancaster-fairfield-county-chamber-of-commerce-4444765007?_l=en,LinkedIn,United Kingdom,Email Marketing Specialist,
Power NI,,Marketing Coordinator,https://www.linkedin.com/jobs/view/marketing-coordinator-at-power-ni-4442084363?_l=en,LinkedIn,United Kingdom,Email Marketing Specialist,
On Board Experiential,,Project Coordinator,https://www.linkedin.com/jobs/view/project-coordinator-at-on-board-experiential-4442674495?_l=en,LinkedIn,United Kingdom,Email Marketing Specialist,
Confetti Group,,Brand Marketing Coordinator,https://www.linkedin.com/jobs/view/brand-marketing-coordinator-at-confetti-group-4441042767?_l=en,LinkedIn,United Kingdom,Email Marketing Specialist,
Mind,,Senior Digital Marketing Officer - Paid Search,https://www.linkedin.com/jobs/view/senior-digital-marketing-officer-paid-search-at-mind-4443392117?_l=en,LinkedIn,United Kingdom,Email Marketing Specialist,
Connecting Education,,Digital Marketing Assistant – Kick-start your marketing career on genuinely impactful campaigns,https://www.linkedin.com/jobs/view/digital-marketing-assistant-%E2%80%93-kick-start-your-marketing-career-on-genuinely-impactful-campaigns-at-connecting-education-4443524108?_l=en,LinkedIn,United Kingdom,Email Marketing Specialist,
"Skidmore, Owings & Merrill (SOM)",,Senior Marketing Coordinator,https://www.linkedin.com/jobs/view/senior-marketing-coordinator-at-skidmore-owings-merrill-som-4422718515?_l=en,LinkedIn,United Kingdom,Email Marketing Specialist,
AVEVA,aveva.com,Executive Engagement Coordinator,https://www.linkedin.com/jobs/view/executive-engagement-coordinator-at-aveva-4433623765?_l=en,LinkedIn,United Kingdom,Email Marketing Specialist,
Charles Tyrwhitt,,Email Marketing Assistant,https://www.linkedin.com/jobs/view/email-marketing-assistant-at-charles-tyrwhitt-4444484626?_l=en,LinkedIn,United Kingdom,Email Marketing Specialist,
Collins Earthworks Limited,,Marketing Coordinator,https://www.linkedin.com/jobs/view/marketing-coordinator-at-collins-earthworks-limited-4440131653?_l=en,LinkedIn,United Kingdom,Email Marketing Specialist,
Spaceshop,,Advertising Coordinator,https://www.linkedin.com/jobs/view/advertising-coordinator-at-spaceshop-4442496684?_l=en,LinkedIn,United Kingdom,Email Marketing Specialist,
University Centre West Anglia,,MARKETING CO-ORDINATOR - DIGITAL,https://www.linkedin.com/jobs/view/marketing-co-ordinator-digital-at-university-centre-west-anglia-4441808515?_l=en,LinkedIn,United Kingdom,Email Marketing Specialist,
EVM Global,,Talent Coordinator,https://www.linkedin.com/jobs/view/talent-coordinator-at-evm-global-4443783540?_l=en,LinkedIn,United Kingdom,Email Marketing Specialist,
Groupe Clarins,,Ecommerce Content Coordinator,https://www.linkedin.com/jobs/view/ecommerce-content-coordinator-at-groupe-clarins-4443960021?_l=en,LinkedIn,United Kingdom,Email Marketing Specialist,
Conexus MedStaff,,Marketing Coordinator,https://www.linkedin.com/jobs/view/marketing-coordinator-at-conexus-medstaff-4443164231?_l=en,LinkedIn,United Kingdom,Email Marketing Specialist,
Apprentify,,CRM & Email Marketing Executive,https://www.linkedin.com/jobs/view/crm-email-marketing-executive-at-apprentify-4443780712?_l=en,LinkedIn,United Kingdom,Email Marketing Specialist,
The Beer Store,,Social Media & Engagement Lead,https://www.linkedin.com/jobs/view/social-media-engagement-lead-at-the-beer-store-4439464487?_l=en,LinkedIn,Canada,Email Marketing Specialist,
The Salvation Army in Canada,,Digital Marketing Coordinator (The Salvation Army Thrift Store),https://www.linkedin.com/jobs/view/digital-marketing-coordinator-the-salvation-army-thrift-store-at-the-salvation-army-in-canada-4431887144?_l=en,LinkedIn,Canada,Email Marketing Specialist,
Confidential,,Channel Development Program (CDP) Marketing Specialist,https://www.linkedin.com/jobs/view/channel-development-program-cdp-marketing-specialist-at-confidential-4442748058?_l=en,LinkedIn,Canada,Email Marketing Specialist,
MaRS Discovery District,,"Senior Associate, Portfolio Engagement & Communications",https://www.linkedin.com/jobs/view/senior-associate-portfolio-engagement-communications-at-mars-discovery-district-4439460698?_l=en,LinkedIn,Canada,Email Marketing Specialist,
HelloFresh,,"Associate Manager, CRM",https://www.linkedin.com/jobs/view/associate-manager-crm-at-hellofresh-4405817213?_l=en,LinkedIn,Canada,Email Marketing Specialist,
Coloplast,,Marketing Communications Specialist,https://www.linkedin.com/jobs/view/marketing-communications-specialist-at-coloplast-4444625128?_l=en,LinkedIn,Canada,Email Marketing Specialist,
Swoon,,Lifecycle Marketing Coordinator,https://www.linkedin.com/jobs/view/lifecycle-marketing-coordinator-at-swoon-4443879901?_l=en,LinkedIn,Canada,Email Marketing Specialist,
Walmart Canada,,"Manager, Digital Marketing - CRM",https://www.linkedin.com/jobs/view/manager-digital-marketing-crm-at-walmart-canada-4443975180?_l=en,LinkedIn,Canada,Email Marketing Specialist,
AMA - Alberta Motor Association,,"Marketing Coordinator, Member Rewards (14 Month Position)",https://www.linkedin.com/jobs/view/marketing-coordinator-member-rewards-14-month-position-at-ama-alberta-motor-association-4443078908?_l=en,LinkedIn,Canada,Email Marketing Specialist,
Minto Group,,Marketing Automation Specialist,https://www.linkedin.com/jobs/view/marketing-automation-specialist-at-minto-group-4435359742?_l=en,LinkedIn,Canada,Email Marketing Specialist,
The Salvation Army in Canada,,Digital Marketing Coordinator (The Salvation Army Thrift Stores),https://www.linkedin.com/jobs/view/digital-marketing-coordinator-the-salvation-army-thrift-stores-at-the-salvation-army-in-canada-4444708986?_l=en,LinkedIn,Canada,Email Marketing Specialist,
PheedLoop,,Marketing and Communications Specialist,https://www.linkedin.com/jobs/view/marketing-and-communications-specialist-at-pheedloop-4443417054?_l=en,LinkedIn,Canada,Email Marketing Specialist,
Arcady Media,,Email Content Strategist / Copywriter,https://www.linkedin.com/jobs/view/email-content-strategist-copywriter-at-arcady-media-4445230779?_l=en,LinkedIn,Canada,Email Marketing Specialist,
BlueCat,,Customer Engagement Marketing Manager,https://www.linkedin.com/jobs/view/customer-engagement-marketing-manager-at-bluecat-4443143632?_l=en,LinkedIn,Canada,Email Marketing Specialist,
Hawkeye,,CRM Campaign Manager,https://www.linkedin.com/jobs/view/crm-campaign-manager-at-hawkeye-4444379584?_l=en,LinkedIn,Canada,Email Marketing Specialist,
Mozilla,,Technical Content Marketing Specialist,https://www.linkedin.com/jobs/view/technical-content-marketing-specialist-at-mozilla-4442913412?_l=en,LinkedIn,Canada,Email Marketing Specialist,
Ubisoft,,CRM Operations Specialist,https://www.linkedin.com/jobs/view/crm-operations-specialist-at-ubisoft-4423173240?_l=en,LinkedIn,Canada,Email Marketing Specialist,
Turo,"turo.com,",CRM Lifecycle Marketing Manager,https://www.linkedin.com/jobs/view/crm-lifecycle-marketing-manager-at-turo-4398088620?_l=en,LinkedIn,Canada,Email Marketing Specialist,
Cassels Brock & Blackwell LLP,,"Coordinator, Digital Marketing",https://www.linkedin.com/jobs/view/coordinator-digital-marketing-at-cassels-brock-blackwell-llp-4443561305?_l=en,LinkedIn,Canada,Email Marketing Specialist,
Insight Global,,Digital Coordinator,https://www.linkedin.com/jobs/view/digital-coordinator-at-insight-global-4444341201?_l=en,LinkedIn,Canada,Email Marketing Specialist,
eBay,,CRM Marketing Manager,https://www.linkedin.com/jobs/view/crm-marketing-manager-at-ebay-4441081393?_l=en,LinkedIn,Canada,Email Marketing Specialist,
HELU Canada,,Marketing Coordinator,https://www.linkedin.com/jobs/view/marketing-coordinator-at-helu-canada-4442671533?_l=en,LinkedIn,Canada,Email Marketing Specialist,
Fairstone Bank,fairstone.ca,"Analyst, Marketing Automation and Email (Fixed Term)",https://www.linkedin.com/jobs/view/analyst-marketing-automation-and-email-fixed-term-at-fairstone-bank-4425544064?_l=en,LinkedIn,Canada,Email Marketing Specialist,
Miele Canada,,CRM and Performance Specialist,https://www.linkedin.com/jobs/view/crm-and-performance-specialist-at-miele-canada-4443422767?_l=en,LinkedIn,Canada,Email Marketing Specialist,
UJA Federation of Greater Toronto,,"Specialist, Marketing",https://www.linkedin.com/jobs/view/specialist-marketing-at-uja-federation-of-greater-toronto-4443418094?_l=en,LinkedIn,Canada,Email Marketing Specialist,
Informa Connect,,Digital Marketing Coordinator,https://www.linkedin.com/jobs/view/digital-marketing-coordinator-at-informa-connect-4445201257?_l=en,LinkedIn,Canada,Email Marketing Specialist,
Creative Circle,,Campaign Specialist,https://www.linkedin.com/jobs/view/campaign-specialist-at-creative-circle-4442743266?_l=en,LinkedIn,Canada,Email Marketing Specialist,
Fairstone Bank,fairstone.ca,"Analyst, Marketing Automation and Email (Fixed Term)",https://www.linkedin.com/jobs/view/analyst-marketing-automation-and-email-fixed-term-at-fairstone-bank-4425543072?_l=en,LinkedIn,Canada,Email Marketing Specialist,
Aritzia,,"Digital - Senior Analyst / Analyst, Email Marketing",https://www.linkedin.com/jobs/view/digital-senior-analyst-analyst-email-marketing-at-aritzia-4444368867?_l=en,LinkedIn,Canada,Email Marketing Specialist,
Knix,,Retention Marketing Manager (KT by Knix),https://www.linkedin.com/jobs/view/retention-marketing-manager-kt-by-knix-at-knix-4443060286?_l=en,LinkedIn,Canada,Email Marketing Specialist,
Bav Group México,,CRM Campaign Specialist,https://www.linkedin.com/jobs/view/crm-campaign-specialist-at-bav-group-m%C3%A9xico-4443709841?_l=en,LinkedIn,Canada,Email Marketing Specialist,
Activate Games,,CRM Specialist,https://www.linkedin.com/jobs/view/crm-specialist-at-activate-games-4444244020?_l=en,LinkedIn,Canada,Email Marketing Specialist,
Canon Canada,,Marketing Automation Specialist (18-month contract ),https://www.linkedin.com/jobs/view/marketing-automation-specialist-18-month-contract-at-canon-canada-4442758517?_l=en,LinkedIn,Canada,Email Marketing Specialist,
Insight Global,,Email Marketing Specialist,https://www.linkedin.com/jobs/view/email-marketing-specialist-at-insight-global-4444610340?_l=en,LinkedIn,Canada,Email Marketing Specialist,
Algonquin College of Applied Arts and Technology,algonquincollege.com,Full-time Digital Marketing and Communications Specialist,https://www.linkedin.com/jobs/view/full-time-digital-marketing-and-communications-specialist-at-algonquin-college-of-applied-arts-and-technology-4444752209?_l=en,LinkedIn,Canada,Email Marketing Specialist,
Wealthsimple,,Growth Engagement Specialist (12-month contract),https://www.linkedin.com/jobs/view/growth-engagement-specialist-12-month-contract-at-wealthsimple-4444610684?_l=en,LinkedIn,Canada,Email Marketing Specialist,
BairesDev,,CRM Analyst - Reactivations - Remote Work,https://www.linkedin.com/jobs/view/crm-analyst-reactivations-remote-work-at-bairesdev-4442652327?_l=en,LinkedIn,Canada,Email Marketing Specialist,
White Bay,,Email Marketing Specialist | Salesforce | Health & Wellness Brand | Hybrid in North York | $ 55-65k + benefits,https://www.linkedin.com/jobs/view/email-marketing-specialist-salesforce-health-wellness-brand-hybrid-in-north-york-%24-55-65k-%2B-benefits-at-white-bay-4442651847?_l=en,LinkedIn,Canada,Email Marketing Specialist,
Parfums Christian Dior,,"Assistant Manager, Digital Merchandising & CRM",https://www.linkedin.com/jobs/view/assistant-manager-digital-merchandising-crm-at-parfums-christian-dior-4444725729?_l=en,LinkedIn,Canada,Email Marketing Specialist,
Canadian Cancer Society,cancer.ca,Planned Giving Lead Generation Coordinator,https://www.linkedin.com/jobs/view/planned-giving-lead-generation-coordinator-at-canadian-cancer-society-4444386505?_l=en,LinkedIn,Canada,Email Marketing Specialist,
OECM,,Marketing and Content Specialist,https://www.linkedin.com/jobs/view/marketing-and-content-specialist-at-oecm-4443990546?_l=en,LinkedIn,Canada,Email Marketing Specialist,
Merrithew®,,E-Commerce Specialist,https://www.linkedin.com/jobs/view/e-commerce-specialist-at-merrithew%C2%AE-4440153148?_l=en,LinkedIn,Canada,Email Marketing Specialist,
Jetson,,Marketing LifeCycle Manager,https://www.linkedin.com/jobs/view/marketing-lifecycle-manager-at-jetson-4443576110?_l=en,LinkedIn,Canada,Email Marketing Specialist,
REDspace,,Marketing Coordinator,https://www.linkedin.com/jobs/view/marketing-coordinator-at-redspace-4443887196?_l=en,LinkedIn,Canada,Email Marketing Specialist,
Stripe,,"Growth Marketing Manager, Lifecycle",https://www.linkedin.com/jobs/view/growth-marketing-manager-lifecycle-at-stripe-4444980416?_l=en,LinkedIn,United States,Digital Marketer,
sundays studio,,"Growth Marketing Manager, New Client Acquisition & Strategic Partnerships",https://www.linkedin.com/jobs/view/growth-marketing-manager-new-client-acquisition-strategic-partnerships-at-sundays-studio-4443876622?_l=en,LinkedIn,United States,Digital Marketer,
AMG Companies,,Growth Marketing Manager,https://www.linkedin.com/jobs/view/growth-marketing-manager-at-amg-companies-4438714716?_l=en,LinkedIn,United States,Digital Marketer,
Cloudforce,,Email Marketing Manager,https://www.linkedin.com/jobs/view/email-marketing-manager-at-cloudforce-4438261443?_l=en,LinkedIn,United States,Digital Marketer,
GENTLE MONSTER,,Email & Content Marketing Manager,https://www.linkedin.com/jobs/view/email-content-marketing-manager-at-gentle-monster-4443811390?_l=en,LinkedIn,United States,Digital Marketer,
Shutterfly,shutterflyinc.com,"Sr. Manager, Marketing",https://www.linkedin.com/jobs/view/sr-manager-marketing-at-shutterfly-4443789835?_l=en,LinkedIn,United States,Digital Marketer,
workfully,,Growth Marketing Manager,https://www.linkedin.com/jobs/view/growth-marketing-manager-at-workfully-4444458628?_l=en,LinkedIn,United States,Digital Marketer,
Bedrock Talent,,Senior Growth Marketing Manager,https://www.linkedin.com/jobs/view/senior-growth-marketing-manager-at-bedrock-talent-4443933181?_l=en,LinkedIn,United States,Digital Marketer,
Legacy Executive Search,,Digital Marketing Manager,https://www.linkedin.com/jobs/view/digital-marketing-manager-at-legacy-executive-search-4443386282?_l=en,LinkedIn,United States,Digital Marketer,
Prolific,,Growth Marketing Manager,https://www.linkedin.com/jobs/view/growth-marketing-manager-at-prolific-4444973547?_l=en,LinkedIn,United States,Digital Marketer,
Transit Technologies,,Growth Marketing Manager,https://www.linkedin.com/jobs/view/growth-marketing-manager-at-transit-technologies-4429478610?_l=en,LinkedIn,United States,Digital Marketer,
Attentive,,Senior Partner Marketing Manager,https://www.linkedin.com/jobs/view/senior-partner-marketing-manager-at-attentive-4436109851?_l=en,LinkedIn,United States,Digital Marketer,
Zulay Kitchen,,DTC Email & SMS Marketing Manager (Shopify + Klaviyo),https://www.linkedin.com/jobs/view/dtc-email-sms-marketing-manager-shopify-%2B-klaviyo-at-zulay-kitchen-4441543021?_l=en,LinkedIn,United States,Digital Marketer,
Beam,,Senior Growth Marketing Manager,https://www.linkedin.com/jobs/view/senior-growth-marketing-manager-at-beam-4422968475?_l=en,LinkedIn,United States,Digital Marketer,
SGS,,Director Digital Marketing,https://www.linkedin.com/jobs/view/director-digital-marketing-at-sgs-4441007514?_l=en,LinkedIn,United States,Digital Marketer,
Ancient Nutrition,,Email Marketing Sr. Manager,https://www.linkedin.com/jobs/view/email-marketing-sr-manager-at-ancient-nutrition-4444200735?_l=en,LinkedIn,United States,Digital Marketer,
Cortica,,Director of Digital Marketing and Web,https://www.linkedin.com/jobs/view/director-of-digital-marketing-and-web-at-cortica-4443425257?_l=en,LinkedIn,United States,Digital Marketer,
Amazon,amazon.jobs,"Social Media Marketing Manager, Amazon Leo",https://www.linkedin.com/jobs/view/social-media-marketing-manager-amazon-leo-at-amazon-4444487480?_l=en,LinkedIn,United States,Digital Marketer,
Rover.com,,Senior Marketing Manager,https://www.linkedin.com/jobs/view/senior-marketing-manager-at-rover-com-4421177388?_l=en,LinkedIn,United States,Digital Marketer,
Shoplift,,Senior Marketing Manager,https://www.linkedin.com/jobs/view/senior-marketing-manager-at-shoplift-4444723545?_l=en,LinkedIn,United States,Digital Marketer,
Nymbus,nymbus.com,"Sr. Manager, Growth Marketing",https://www.linkedin.com/jobs/view/sr-manager-growth-marketing-at-nymbus-4443983966?_l=en,LinkedIn,United States,Digital Marketer,
"Kendo Brands, Inc.",,"Senior Marketing Manager, Lip Lab",https://www.linkedin.com/jobs/view/senior-marketing-manager-lip-lab-at-kendo-brands-inc-4445270065?_l=en,LinkedIn,United States,Digital Marketer,
AlumierMD,,Digital Marketing Manager,https://www.linkedin.com/jobs/view/digital-marketing-manager-at-alumiermd-4445235562?_l=en,LinkedIn,United States,Digital Marketer,
OZ,,"Senior Manager / Director, Revenue Marketing & Growth",https://www.linkedin.com/jobs/view/senior-manager-director-revenue-marketing-growth-at-oz-4444985184?_l=en,LinkedIn,United States,Digital Marketer,
Crexendo® Business Solutions,,Social Media Marketing Manager,https://www.linkedin.com/jobs/view/social-media-marketing-manager-at-crexendo%C2%AE-business-solutions-4440180005?_l=en,LinkedIn,United States,Digital Marketer,
XDS,xds.co,Growth Marketing Manager,https://www.linkedin.com/jobs/view/growth-marketing-manager-at-xds-4444728227?_l=en,LinkedIn,United States,Digital Marketer,
Red Frog Solutions,,Digital Marketing Director,https://www.linkedin.com/jobs/view/digital-marketing-director-at-red-frog-solutions-4443550062?_l=en,LinkedIn,United States,Digital Marketer,
Trove,,Digital Marketing Manager,https://www.linkedin.com/jobs/view/digital-marketing-manager-at-trove-4444018694?_l=en,LinkedIn,United States,Digital Marketer,
Ancient Nutrition,,"Senior Manager, Email & SMS Marketing",https://www.linkedin.com/jobs/view/senior-manager-email-sms-marketing-at-ancient-nutrition-4444489811?_l=en,LinkedIn,United States,Digital Marketer,
The Sage Group,,Digital Marketing Manager,https://www.linkedin.com/jobs/view/digital-marketing-manager-at-the-sage-group-4442678160?_l=en,LinkedIn,United States,Digital Marketer,
ONDO,,Performance Marketing Manager/Sr. Analyst,https://www.linkedin.com/jobs/view/performance-marketing-manager-sr-analyst-at-ondo-4441784631?_l=en,LinkedIn,United States,Digital Marketer,
UNIQLO,,Director of Digital Marketing,https://www.linkedin.com/jobs/view/director-of-digital-marketing-at-uniqlo-4264720338?_l=en,LinkedIn,United States,Digital Marketer,
PrideStaff,,Digital Marketing Manager,https://www.linkedin.com/jobs/view/digital-marketing-manager-at-pridestaff-4443175429?_l=en,LinkedIn,United States,Digital Marketer,
Solomon Page,,Asst Digital Marketing Manager Beauty,https://www.linkedin.com/jobs/view/asst-digital-marketing-manager-beauty-at-solomon-page-4440156715?_l=en,LinkedIn,United States,Digital Marketer,
Ultimate Fighting Championship,,Email Marketing Manager,https://www.linkedin.com/jobs/view/email-marketing-manager-at-ultimate-fighting-championship-4443727433?_l=en,LinkedIn,United States,Digital Marketer,
US Tech Solutions,,Marketing Manager/ Sr Strategist # 26-17522,https://www.linkedin.com/jobs/view/marketing-manager-sr-strategist-%23-26-17522-at-us-tech-solutions-4442089331?_l=en,LinkedIn,United States,Digital Marketer,
Amazon Web Services (AWS),amazon.jobs,"Digital Marketing Manager, Web, AWS Marketing",https://www.linkedin.com/jobs/view/digital-marketing-manager-web-aws-marketing-at-amazon-web-services-aws-4443039221?_l=en,LinkedIn,United States,Digital Marketer,
Rocket Fuel Labs,,Digital Marketing Manager,https://www.linkedin.com/jobs/view/digital-marketing-manager-at-rocket-fuel-labs-4443898430?_l=en,LinkedIn,United States,Digital Marketer,
honeycomb.io,,Growth Marketing Manager,https://www.linkedin.com/jobs/view/growth-marketing-manager-at-honeycomb-io-4434179862?_l=en,LinkedIn,United States,Digital Marketer,
Stripe,,Enterprise Paid Digital Marketing Manager,https://www.linkedin.com/jobs/view/enterprise-paid-digital-marketing-manager-at-stripe-4443552890?_l=en,LinkedIn,United States,Digital Marketer,
Stripe,,Enterprise Paid Digital Marketing Manager,https://www.linkedin.com/jobs/view/enterprise-paid-digital-marketing-manager-at-stripe-4443556849?_l=en,LinkedIn,United States,Digital Marketer,
Canter Companies,,Digital Marketing Manager,https://www.linkedin.com/jobs/view/digital-marketing-manager-at-canter-companies-4444021613?_l=en,LinkedIn,United States,Digital Marketer,
Kraft Heinz,,"Senior Brand Manager, Marketing (Base - Multiple Positions)",https://www.linkedin.com/jobs/view/senior-brand-manager-marketing-base-multiple-positions-at-kraft-heinz-4415924579?_l=en,LinkedIn,United States,Digital Marketer,
Rapalogix Health,,Senior Digital Marketing Manager,https://www.linkedin.com/jobs/view/senior-digital-marketing-manager-at-rapalogix-health-4443419256?_l=en,LinkedIn,United States,Digital Marketer,
New York Post,,Social Media Marketing Manager,https://www.linkedin.com/jobs/view/social-media-marketing-manager-at-new-york-post-4443381674?_l=en,LinkedIn,United States,Digital Marketer,
Nestlé,nestlejobs.com,"Senior Director, Brand Marketing",https://www.linkedin.com/jobs/view/senior-director-brand-marketing-at-nestl%C3%A9-4444739968?_l=en,LinkedIn,United States,Digital Marketer,
Randstad USA,,Digital Marketing Director,https://www.linkedin.com/jobs/view/digital-marketing-director-at-randstad-usa-4441843469?_l=en,LinkedIn,United States,Digital Marketer,
Luminos Insight Ltd,,Marketing Executive,https://www.linkedin.com/jobs/view/marketing-executive-at-luminos-insight-ltd-4443799050?_l=en,LinkedIn,United Kingdom,Digital Marketer,
ADDICTED. Marketing,,Marketing Executive,https://www.linkedin.com/jobs/view/marketing-executive-at-addicted-marketing-4443349543?_l=en,LinkedIn,United Kingdom,Digital Marketer,
Radwell International,,Digital Paid Media Specialist,https://www.linkedin.com/jobs/view/digital-paid-media-specialist-at-radwell-international-4442738798?_l=en,LinkedIn,United Kingdom,Digital Marketer,
Epredia,,Digital Marketing Coordinator (PPC & SEO),https://www.linkedin.com/jobs/view/digital-marketing-coordinator-ppc-seo-at-epredia-4432795833?_l=en,LinkedIn,United Kingdom,Digital Marketer,
The Church of England,,Digital Marketing Officer,https://www.linkedin.com/jobs/view/digital-marketing-officer-at-the-church-of-england-4444707385?_l=en,LinkedIn,United Kingdom,Digital Marketer,
Bellrock Group,,Digital Marketing Executive,https://www.linkedin.com/jobs/view/digital-marketing-executive-at-bellrock-group-4436353231?_l=en,LinkedIn,United Kingdom,Digital Marketer,
Hintel,,Digital Marketing Executive,https://www.linkedin.com/jobs/view/digital-marketing-executive-at-hintel-4442136269?_l=en,LinkedIn,United Kingdom,Digital Marketer,
Nextech Group Limited,,Paid Media Executive,https://www.linkedin.com/jobs/view/paid-media-executive-at-nextech-group-limited-4442715091?_l=en,LinkedIn,United Kingdom,Digital Marketer,
Chalice Supplements,,Marketing Executive – The Swiss Army Knife of Marketing,https://www.linkedin.com/jobs/view/marketing-executive-%E2%80%93-the-swiss-army-knife-of-marketing-at-chalice-supplements-4443517595?_l=en,LinkedIn,United Kingdom,Digital Marketer,
UniHomes,,B2B Marketing Executive,https://www.linkedin.com/jobs/view/b2b-marketing-executive-at-unihomes-4443925376?_l=en,LinkedIn,United Kingdom,Digital Marketer,
Price Forbes,,Digital Marketing Executive,https://www.linkedin.com/jobs/view/digital-marketing-executive-at-price-forbes-4434653902?_l=en,LinkedIn,United Kingdom,Digital Marketer,
Live Nation Entertainment,,Digital Marketing Executive - Websites,https://www.linkedin.com/jobs/view/digital-marketing-executive-websites-at-live-nation-entertainment-4444702583?_l=en,LinkedIn,United Kingdom,Digital Marketer,
Eurobase People,,Digital Marketing Executive,https://www.linkedin.com/jobs/view/digital-marketing-executive-at-eurobase-people-4444968754?_l=en,LinkedIn,United Kingdom,Digital Marketer,
Inntravel | B Corp™,,Digital Marketing Executive,https://www.linkedin.com/jobs/view/digital-marketing-executive-at-inntravel-b-corp%E2%84%A2-4440183440?_l=en,LinkedIn,United Kingdom,Digital Marketer,
Digital Lemon Talent 🍋,,"Digital Marketing Lead | Southampton | £31,000 + 10% Bonus",https://www.linkedin.com/jobs/view/digital-marketing-lead-southampton-%C2%A331-000-%2B-10%25-bonus-at-digital-lemon-talent-%F0%9F%8D%8B-4440460776?_l=en,LinkedIn,United Kingdom,Digital Marketer,
Charles River Laboratories,,Marketing Specialist,https://www.linkedin.com/jobs/view/marketing-specialist-at-charles-river-laboratories-4420992598?_l=en,LinkedIn,United Kingdom,Digital Marketer,
Oodles Wok UK,,"Social Media Manager, Content Creator & Paid Ads Specialist",https://www.linkedin.com/jobs/view/social-media-manager-content-creator-paid-ads-specialist-at-oodles-wok-uk-4443943595?_l=en,LinkedIn,United Kingdom,Digital Marketer,
HRG,,Paid Social Executive,https://www.linkedin.com/jobs/view/paid-social-executive-at-hrg-4443926589?_l=en,LinkedIn,United Kingdom,Digital Marketer,
Nova of London,,Ecommerce Digital Marketing Executive,https://www.linkedin.com/jobs/view/ecommerce-digital-marketing-executive-at-nova-of-london-4443570355?_l=en,LinkedIn,United Kingdom,Digital Marketer,
Pitch Consultants,,Paid Social Executive,https://www.linkedin.com/jobs/view/paid-social-executive-at-pitch-consultants-4441048786?_l=en,LinkedIn,United Kingdom,Digital Marketer,
Central Employment,,Paid Media Specialist,https://www.linkedin.com/jobs/view/paid-media-specialist-at-central-employment-4444937087?_l=en,LinkedIn,United Kingdom,Digital Marketer,
VervLife,,Digital Marketing Executive,https://www.linkedin.com/jobs/view/digital-marketing-executive-at-vervlife-4440469659?_l=en,LinkedIn,United Kingdom,Digital Marketer,
MHA,,Digital Marketing Coordinator,https://www.linkedin.com/jobs/view/digital-marketing-coordinator-at-mha-4441093617?_l=en,LinkedIn,United Kingdom,Digital Marketer,
Cosatto,,Performance Marketing Executive,https://www.linkedin.com/jobs/view/performance-marketing-executive-at-cosatto-4443099819?_l=en,LinkedIn,United Kingdom,Digital Marketer,
Precis,,Media Specialist,https://www.linkedin.com/jobs/view/media-specialist-at-precis-4444408627?_l=en,LinkedIn,United Kingdom,Digital Marketer,
Jo Holdsworth Recruitment Ltd.,,Digital Marketing Executive,https://www.linkedin.com/jobs/view/digital-marketing-executive-at-jo-holdsworth-recruitment-ltd-4440460812?_l=en,LinkedIn,United Kingdom,Digital Marketer,
Freudenberg Home and Cleaning Solutions,,Junior Digital Marketing Manager ( F/M/D),https://www.linkedin.com/jobs/view/junior-digital-marketing-manager-f-m-d-at-freudenberg-home-and-cleaning-solutions-4416669401?_l=en,LinkedIn,United Kingdom,Digital Marketer,
Zealous Agency,,Paid Media Manager,https://www.linkedin.com/jobs/view/paid-media-manager-at-zealous-agency-4430423250?_l=en,LinkedIn,United Kingdom,Digital Marketer,
Nextech Group Limited,,Paid Media Specialist,https://www.linkedin.com/jobs/view/paid-media-specialist-at-nextech-group-limited-4444459678?_l=en,LinkedIn,United Kingdom,Digital Marketer,
Digital Waffle,,Paid Media Specialist,https://www.linkedin.com/jobs/view/paid-media-specialist-at-digital-waffle-4443129232?_l=en,LinkedIn,United Kingdom,Digital Marketer,
ALS,,Marketing Executive,https://www.linkedin.com/jobs/view/marketing-executive-at-als-4441820588?_l=en,LinkedIn,United Kingdom,Digital Marketer,
Cybit,,Digital Growth Lead,https://www.linkedin.com/jobs/view/digital-growth-lead-at-cybit-4444419002?_l=en,LinkedIn,United Kingdom,Digital Marketer,
Cybit,,Digital Growth Lead,https://www.linkedin.com/jobs/view/digital-growth-lead-at-cybit-4444298568?_l=en,LinkedIn,United Kingdom,Digital Marketer,
ALS,,Marketing Executive,https://www.linkedin.com/jobs/view/marketing-executive-at-als-4441814751?_l=en,LinkedIn,United Kingdom,Digital Marketer,
searchparty digital Ltd.,,Marketing Executive,https://www.linkedin.com/jobs/view/marketing-executive-at-searchparty-digital-ltd-4442736274?_l=en,LinkedIn,United Kingdom,Digital Marketer,
Compare the Market,,Digital Marketing Manager,https://www.linkedin.com/jobs/view/digital-marketing-manager-at-compare-the-market-4417736103?_l=en,LinkedIn,United Kingdom,Digital Marketer,
SunGod,,Performance Marketing Manager,https://www.linkedin.com/jobs/view/performance-marketing-manager-at-sungod-4443563081?_l=en,LinkedIn,United Kingdom,Digital Marketer,
Radwell International,,Digital Paid Media Specialist,https://www.linkedin.com/jobs/view/digital-paid-media-specialist-at-radwell-international-4442072893?_l=en,LinkedIn,United Kingdom,Digital Marketer,
Ada Meher,,Paid Social Manager – Leeds/Liverpool (Hybrid Remote) - £45k,https://www.linkedin.com/jobs/view/paid-social-manager-%E2%80%93-leeds-liverpool-hybrid-remote-%C2%A345k-at-ada-meher-4441584651?_l=en,LinkedIn,United Kingdom,Digital Marketer,
Speer,,Growth Marketing Manager,https://www.linkedin.com/jobs/view/growth-marketing-manager-at-speer-4444607610?_l=en,LinkedIn,Canada,Digital Marketer,
Lammle's Western Wear,,Digital Marketing and Content Manager,https://www.linkedin.com/jobs/view/digital-marketing-and-content-manager-at-lammle-s-western-wear-4444024606?_l=en,LinkedIn,Canada,Digital Marketer,
Luxx BC,,Growth Marketing & Showroom Manager,https://www.linkedin.com/jobs/view/growth-marketing-showroom-manager-at-luxx-bc-4444041524?_l=en,LinkedIn,Canada,Digital Marketer,
Jobgether,,Senior Performance Marketing Manager,https://www.linkedin.com/jobs/view/senior-performance-marketing-manager-at-jobgether-4444900821?_l=en,LinkedIn,Canada,Digital Marketer,
Talent Advantage,,PPC & Social Media Ads Manager,https://www.linkedin.com/jobs/view/ppc-social-media-ads-manager-at-talent-advantage-4444776666?_l=en,LinkedIn,Canada,Digital Marketer,
exacare ai,,Growth Marketing Manager,https://www.linkedin.com/jobs/view/growth-marketing-manager-at-exacare-ai-4444037591?_l=en,LinkedIn,Canada,Digital Marketer,
Agoda,careersatagoda.com,"Senior Manager - Flights Marketing (Bangkok-based, relocation provided)",https://www.linkedin.com/jobs/view/senior-manager-flights-marketing-bangkok-based-relocation-provided-at-agoda-4442719917?_l=en,LinkedIn,Canada,Digital Marketer,
Kinetic Wireless - Rogers Authorized Dealer,,Digital Marketing Manager,https://www.linkedin.com/jobs/view/digital-marketing-manager-at-kinetic-wireless-rogers-authorized-dealer-4443011096?_l=en,LinkedIn,Canada,Digital Marketer,
Accencis Group,,Senior Marketing Manager,https://www.linkedin.com/jobs/view/senior-marketing-manager-at-accencis-group-4442230515?_l=en,LinkedIn,Canada,Digital Marketer,
RBC,,"Senior Manager, Digital Marketing, Loyalty Transformation",https://www.linkedin.com/jobs/view/senior-manager-digital-marketing-loyalty-transformation-at-rbc-4445206941?_l=en,LinkedIn,Canada,Digital Marketer,
Agoda,careersatagoda.com,"Senior Manager - Flights Marketing (Bangkok-based, relocation provided)",https://www.linkedin.com/jobs/view/senior-manager-flights-marketing-bangkok-based-relocation-provided-at-agoda-4442723653?_l=en,LinkedIn,Canada,Digital Marketer,
Ethos,,"Expert Opportunity - Senior Marketing Manager ($70/hr, up to $1,400/week)",https://www.linkedin.com/jobs/view/expert-opportunity-senior-marketing-manager-%2470-hr-up-to-%241-400-week-at-ethos-4442129438?_l=en,LinkedIn,Canada,Digital Marketer,
Holland Imports Inc.,,Netsuite Suitecommerce Digital Marketer (B2B E-commerce & Growth),https://www.linkedin.com/jobs/view/netsuite-suitecommerce-digital-marketer-b2b-e-commerce-growth-at-holland-imports-inc-4440172957?_l=en,LinkedIn,Canada,Digital Marketer,
Skyline Recruitment Ltd,,Digital Marketing Manager - Real Estate,https://www.linkedin.com/jobs/view/digital-marketing-manager-real-estate-at-skyline-recruitment-ltd-4442767452?_l=en,LinkedIn,Canada,Digital Marketer,
Stoppler Hughes,,Vice President of Sales,https://www.linkedin.com/jobs/view/vice-president-of-sales-at-stoppler-hughes-4439462830?_l=en,LinkedIn,Canada,Digital Marketer,
Scotiabank,,"Senior Manager, Marketing Science & Analytics",https://www.linkedin.com/jobs/view/senior-manager-marketing-science-analytics-at-scotiabank-4442690549?_l=en,LinkedIn,Canada,Digital Marketer,
Ingersoll Rand,,"Regional Sales Manager, PPC",https://www.linkedin.com/jobs/view/regional-sales-manager-ppc-at-ingersoll-rand-4405359804?_l=en,LinkedIn,Canada,Digital Marketer,
Ace Beverage Group,,Social Media Manager - Cottage Springs,https://www.linkedin.com/jobs/view/social-media-manager-cottage-springs-at-ace-beverage-group-4442278008?_l=en,LinkedIn,Canada,Digital Marketer,
Kelly,,Senior Marketing Manager,https://www.linkedin.com/jobs/view/senior-marketing-manager-at-kelly-4442690876?_l=en,LinkedIn,Canada,Digital Marketer,
Ignition,,Digital Marketing Manager - Paid Media & Growth,https://www.linkedin.com/jobs/view/digital-marketing-manager-paid-media-growth-at-ignition-4442181428?_l=en,LinkedIn,Canada,Digital Marketer,
VoPay,,Senior Marketing Manager,https://www.linkedin.com/jobs/view/senior-marketing-manager-at-vopay-4444604444?_l=en,LinkedIn,Canada,Digital Marketer,
Evestar,,Paid Social Media Buyer,https://www.linkedin.com/jobs/view/paid-social-media-buyer-at-evestar-4441010311?_l=en,LinkedIn,Canada,Digital Marketer,
Tribu Expérientiel,,Digital Marketing Manager,https://www.linkedin.com/jobs/view/digital-marketing-manager-at-tribu-exp%C3%A9rientiel-4444025476?_l=en,LinkedIn,Canada,Digital Marketer,
Enverus,,Growth Marketing Manager - 26282,https://www.linkedin.com/jobs/view/growth-marketing-manager-26282-at-enverus-4443418437?_l=en,LinkedIn,Canada,Digital Marketer,
Trackunit,,Lead Digital Marketing Manager,https://www.linkedin.com/jobs/view/lead-digital-marketing-manager-at-trackunit-4441758974?_l=en,LinkedIn,Canada,Digital Marketer,
Ingersoll Rand,,"Regional Sales Manager, PPC",https://www.linkedin.com/jobs/view/regional-sales-manager-ppc-at-ingersoll-rand-4402826810?_l=en,LinkedIn,Canada,Digital Marketer,
Edwards Lifesciences,,Sr Marketing Manager Surgical,https://www.linkedin.com/jobs/view/sr-marketing-manager-surgical-at-edwards-lifesciences-4423653198?_l=en,LinkedIn,Canada,Digital Marketer,
Compugen Inc,,"Sr. Manager, Partner Marketing",https://www.linkedin.com/jobs/view/sr-manager-partner-marketing-at-compugen-inc-4395033193?_l=en,LinkedIn,Canada,Digital Marketer,
Mattamy Asset Management,,"Senior Manager, Marketing Product Technology",https://www.linkedin.com/jobs/view/senior-manager-marketing-product-technology-at-mattamy-asset-management-4444490208?_l=en,LinkedIn,Canada,Digital Marketer,
Phoenix,,Senior Lifecycle Marketing Manager,https://www.linkedin.com/jobs/view/senior-lifecycle-marketing-manager-at-phoenix-4434302091?_l=en,LinkedIn,Canada,Digital Marketer,
Cella,,Project Manager - Social Media Marketing,https://www.linkedin.com/jobs/view/project-manager-social-media-marketing-at-cella-4444388090?_l=en,LinkedIn,Canada,Digital Marketer,
Stripe,,"Growth Marketing Manager, Lifecycle",https://www.linkedin.com/jobs/view/growth-marketing-manager-lifecycle-at-stripe-4445309826?_l=en,LinkedIn,Canada,Digital Marketer,
HostGenius,,Growth Marketing Manager,https://www.linkedin.com/jobs/view/growth-marketing-manager-at-hostgenius-4443826099?_l=en,LinkedIn,Canada,Digital Marketer,
TD,,"Senior Manager, Colleague Experience & Business Management (Marketing)",https://www.linkedin.com/jobs/view/senior-manager-colleague-experience-business-management-marketing-at-td-4443925947?_l=en,LinkedIn,Canada,Digital Marketer,
Shoppers Drug Mart,,"Senior Manager, Digital Health Lifecycle Marketing (12-month Contract)",https://www.linkedin.com/jobs/view/senior-manager-digital-health-lifecycle-marketing-12-month-contract-at-shoppers-drug-mart-4443983895?_l=en,LinkedIn,Canada,Digital Marketer,
Agoda,careersatagoda.com,"Senior Manager - Flights Marketing (Bangkok-based, relocation provided)",https://www.linkedin.com/jobs/view/senior-manager-flights-marketing-bangkok-based-relocation-provided-at-agoda-4442741002?_l=en,LinkedIn,Canada,Digital Marketer,
Online Jobs Philippines - Work at Home,realmushrooms.com,REAL MUSHROOMS: GROWTH MARKETING MANAGER (ECOMMERCE & AMAZON - CANADA/US),https://www.linkedin.com/jobs/view/real-mushrooms-growth-marketing-manager-ecommerce-amazon-canada-us-at-online-jobs-philippines-work-at-home-4443757624?_l=en,LinkedIn,Canada,Digital Marketer,
Hypertec Group,,Growth Marketing Manager,https://www.linkedin.com/jobs/view/growth-marketing-manager-at-hypertec-group-4435172965?_l=en,LinkedIn,Canada,Digital Marketer,
The Aristotle Foundation,,Employment Opportunity: Director of Marketing,https://www.linkedin.com/jobs/view/employment-opportunity-director-of-marketing-at-the-aristotle-foundation-4443561574?_l=en,LinkedIn,Canada,Digital Marketer,
Xero,,Senior Marketing Manager,https://www.linkedin.com/jobs/view/senior-marketing-manager-at-xero-4426185486?_l=en,LinkedIn,Canada,Digital Marketer,
Jobgether,,"Senior Manager, Marketing Analytics (Lottery)",https://www.linkedin.com/jobs/view/senior-manager-marketing-analytics-lottery-at-jobgether-4444791918?_l=en,LinkedIn,Canada,Digital Marketer,
Heart & Stroke,,"Senior Manager, Marketing Analytics (Lottery)",https://www.linkedin.com/jobs/view/senior-manager-marketing-analytics-lottery-at-heart-stroke-4443462116?_l=en,LinkedIn,Canada,Digital Marketer,
Rocket Financial Inc,,Senior Marketing Manager,https://www.linkedin.com/jobs/view/senior-marketing-manager-at-rocket-financial-inc-4443170396?_l=en,LinkedIn,Canada,Digital Marketer,
AstraZeneca,,Senior Marketing Manager - GI Cancers - 16 month contract,https://www.linkedin.com/jobs/view/senior-marketing-manager-gi-cancers-16-month-contract-at-astrazeneca-4444356243?_l=en,LinkedIn,Canada,Digital Marketer,
Agoda,careersatagoda.com,"Manager/Senior Manager, Growth Marketing – New verticals (Relocation provided, Bangkok-based)",https://www.linkedin.com/jobs/view/manager-senior-manager-growth-marketing-%E2%80%93-new-verticals-relocation-provided-bangkok-based-at-agoda-4442738075?_l=en,LinkedIn,Canada,Digital Marketer,
Stripe,,Enterprise Paid Digital Marketing Manager,https://www.linkedin.com/jobs/view/enterprise-paid-digital-marketing-manager-at-stripe-4443547970?_l=en,LinkedIn,Canada,Digital Marketer,
Sage,,Senior Account-Based Marketing Manager - ABM,https://www.linkedin.com/jobs/view/senior-account-based-marketing-manager-abm-at-sage-4431567656?_l=en,LinkedIn,Canada,Digital Marketer,
Agoda,careersatagoda.com,"Manager/Senior Manager, Growth Marketing – New verticals (Relocation provided, Bangkok-based)",https://www.linkedin.com/jobs/view/manager-senior-manager-growth-marketing-%E2%80%93-new-verticals-relocation-provided-bangkok-based-at-agoda-4442738078?_l=en,LinkedIn,Canada,Digital Marketer,
UJA Federation of Greater Toronto,,"Senior Marketing Manager, Activism & Engagement",https://www.linkedin.com/jobs/view/senior-marketing-manager-activism-engagement-at-uja-federation-of-greater-toronto-4442646997?_l=en,LinkedIn,Canada,Digital Marketer,
Eastman,,Marketing Excellence Manager,https://www.linkedin.com/jobs/view/marketing-excellence-manager-at-eastman-4425277687?_l=en,LinkedIn,United States,Marketing Manager,
PIP Global Safety,,Product & Marketing Manager,https://www.linkedin.com/jobs/view/product-marketing-manager-at-pip-global-safety-4434011371?_l=en,LinkedIn,United States,Marketing Manager,
"Shimano North America Holding, Inc.",,Brand Manager,https://www.linkedin.com/jobs/view/brand-manager-at-shimano-north-america-holding-inc-4406925526?_l=en,LinkedIn,United States,Marketing Manager,
DC Global Talent Inc.,,Marketing Manager,https://www.linkedin.com/jobs/view/marketing-manager-at-dc-global-talent-inc-4443180382?_l=en,LinkedIn,United States,Marketing Manager,
Aramark,aramarkcareers.com,Marketing Manager Unit,https://www.linkedin.com/jobs/view/marketing-manager-unit-at-aramark-4444343549?_l=en,LinkedIn,United States,Marketing Manager,
Crescent Hotels & Resorts,,MARKETING MANAGER,https://www.linkedin.com/jobs/view/marketing-manager-at-crescent-hotels-resorts-4443577037?_l=en,LinkedIn,United States,Marketing Manager,
Travel + Leisure Co.,,"Supervisor, Marketing In-House",https://www.linkedin.com/jobs/view/supervisor-marketing-in-house-at-travel-%2B-leisure-co-4443970663?_l=en,LinkedIn,United States,Marketing Manager,
Baylor Scott & White Health,,Mgr Marketing-Public Relations,https://www.linkedin.com/jobs/view/mgr-marketing-public-relations-at-baylor-scott-white-health-4445280883?_l=en,LinkedIn,United States,Marketing Manager,
Conservative Financial Solutions,,Marketing Lead,https://www.linkedin.com/jobs/view/marketing-lead-at-conservative-financial-solutions-4440174786?_l=en,LinkedIn,United States,Marketing Manager,
Merit Coffee Co.,,Marketing Operations Manager,https://www.linkedin.com/jobs/view/marketing-operations-manager-at-merit-coffee-co-4440492956?_l=en,LinkedIn,United States,Marketing Manager,
The Post and Courier,,Integrated Marketing Manager,https://www.linkedin.com/jobs/view/integrated-marketing-manager-at-the-post-and-courier-4444792021?_l=en,LinkedIn,United States,Marketing Manager,
"Brasfield & Gorrie, LLC",,Marketing Manager,https://www.linkedin.com/jobs/view/marketing-manager-at-brasfield-gorrie-llc-4444392457?_l=en,LinkedIn,United States,Marketing Manager,
The Alaska Club,,Marketing Manager,https://www.linkedin.com/jobs/view/marketing-manager-at-the-alaska-club-4443559060?_l=en,LinkedIn,United States,Marketing Manager,
AVI Foodsystems,,Regional Marketing Manager,https://www.linkedin.com/jobs/view/regional-marketing-manager-at-avi-foodsystems-4422747251?_l=en,LinkedIn,United States,Marketing Manager,
A Child's Haven,,Marketing and Community Relations Manager,https://www.linkedin.com/jobs/view/marketing-and-community-relations-manager-at-a-child-s-haven-4442469893?_l=en,LinkedIn,United States,Marketing Manager,
Compass Commercial Real Estate Services,jobs.gusto.com,Marketing Manager,https://www.linkedin.com/jobs/view/marketing-manager-at-compass-commercial-real-estate-services-4441738299?_l=en,LinkedIn,United States,Marketing Manager,
Emerson,,Brand and Integrated Marketing Manager,https://www.linkedin.com/jobs/view/brand-and-integrated-marketing-manager-at-emerson-4417324907?_l=en,LinkedIn,United States,Marketing Manager,
"NVR, Inc.",nvrcareers.com,Marketing Manager,https://www.linkedin.com/jobs/view/marketing-manager-at-nvr-inc-4436407649?_l=en,LinkedIn,United States,Marketing Manager,
Industrial Scientific,,Product Marketing Manager,https://www.linkedin.com/jobs/view/product-marketing-manager-at-industrial-scientific-4414294936?_l=en,LinkedIn,United States,Marketing Manager,
AVI Foodsystems,,Regional Marketing Manager,https://www.linkedin.com/jobs/view/regional-marketing-manager-at-avi-foodsystems-4430290975?_l=en,LinkedIn,United States,Marketing Manager,
Beazer Homes,,Marketing Manager,https://www.linkedin.com/jobs/view/marketing-manager-at-beazer-homes-4444015911?_l=en,LinkedIn,United States,Marketing Manager,
Climbing Business Journal,,Growth &amp; Marketing Manager,https://www.linkedin.com/jobs/view/growth-amp-marketing-manager-at-climbing-business-journal-4441727208?_l=en,LinkedIn,United States,Marketing Manager,
Regal,,"Manager, Loyalty Strategy & Customer Growth",https://www.linkedin.com/jobs/view/manager-loyalty-strategy-customer-growth-at-regal-4443162957?_l=en,LinkedIn,United States,Marketing Manager,
Aramark,aramarkcareers.com,Marketing Manager,https://www.linkedin.com/jobs/view/marketing-manager-at-aramark-4444346633?_l=en,LinkedIn,United States,Marketing Manager,
impact.com,,Product Marketing Manager II,https://www.linkedin.com/jobs/view/product-marketing-manager-ii-at-impact-com-4430627649?_l=en,LinkedIn,United States,Marketing Manager,
DRB Homes,,Marketing Manager,https://www.linkedin.com/jobs/view/marketing-manager-at-drb-homes-4435199060?_l=en,LinkedIn,United States,Marketing Manager,
Bass Pro Shops,,Fishing Category Marketing Manager,https://www.linkedin.com/jobs/view/fishing-category-marketing-manager-at-bass-pro-shops-4424773731?_l=en,LinkedIn,United States,Marketing Manager,
Crown Equipment Corporation,,Recruiting Marketing Manager,https://www.linkedin.com/jobs/view/recruiting-marketing-manager-at-crown-equipment-corporation-4408573921?_l=en,LinkedIn,United States,Marketing Manager,
Campbell Oil Company,,"Manager, Loyalty & CRM Marketing",https://www.linkedin.com/jobs/view/manager-loyalty-crm-marketing-at-campbell-oil-company-4443568484?_l=en,LinkedIn,United States,Marketing Manager,
Unbore Foods,,Marketing Manager,https://www.linkedin.com/jobs/view/marketing-manager-at-unbore-foods-4444659986?_l=en,LinkedIn,United States,Marketing Manager,
SD;LC,,Product Marketing Manager,https://www.linkedin.com/jobs/view/product-marketing-manager-at-sd-lc-4440418104?_l=en,LinkedIn,United States,Marketing Manager,
CRG,,Brand Marketing Manager,https://www.linkedin.com/jobs/view/brand-marketing-manager-at-crg-4444010565?_l=en,LinkedIn,United States,Marketing Manager,
Flint Group,,Marketing Manager,https://www.linkedin.com/jobs/view/marketing-manager-at-flint-group-4413346016?_l=en,LinkedIn,United States,Marketing Manager,
Act-On Software,,"Marketing Campaign Manager, Demand Generation",https://www.linkedin.com/jobs/view/marketing-campaign-manager-demand-generation-at-act-on-software-4443180495?_l=en,LinkedIn,United States,Marketing Manager,
Rousseau Reclaimed Lumber & Flooring,,Sales Marketing Manager,https://www.linkedin.com/jobs/view/sales-marketing-manager-at-rousseau-reclaimed-lumber-flooring-4442615952?_l=en,LinkedIn,United States,Marketing Manager,
Lowcountry Regional Transportation Authority (Public Transportation),,Marketing Manager,https://www.linkedin.com/jobs/view/marketing-manager-at-lowcountry-regional-transportation-authority-public-transportation-4443992911?_l=en,LinkedIn,United States,Marketing Manager,
Esri,,Industry Marketing Manager - State and Local Government,https://www.linkedin.com/jobs/view/industry-marketing-manager-state-and-local-government-at-esri-4377024720?_l=en,LinkedIn,United States,Marketing Manager,
MrBeast,,Marketing Strategist Manager-External,https://www.linkedin.com/jobs/view/marketing-strategist-manager-external-at-mrbeast-4436129562?_l=en,LinkedIn,United States,Marketing Manager,
Mahou USA,,Brand Manager,https://www.linkedin.com/jobs/view/brand-manager-at-mahou-usa-4444394487?_l=en,LinkedIn,United States,Marketing Manager,
Arbor Homes,,Marketing Manager,https://www.linkedin.com/jobs/view/marketing-manager-at-arbor-homes-4405448716?_l=en,LinkedIn,United States,Marketing Manager,
CareersInFood.com,,Shopper Marketing Manager,https://www.linkedin.com/jobs/view/shopper-marketing-manager-at-careersinfood-com-4444985492?_l=en,LinkedIn,United States,Marketing Manager,
Tractor Supply Company,,"Mgr, B2B Marketing",https://www.linkedin.com/jobs/view/mgr-b2b-marketing-at-tractor-supply-company-4397331327?_l=en,LinkedIn,United States,Marketing Manager,
Bumble Bee Foods,,Brand Marketing Manager,https://www.linkedin.com/jobs/view/brand-marketing-manager-at-bumble-bee-foods-4444236166?_l=en,LinkedIn,United States,Marketing Manager,
Standard Textile,,"Marketing Manager, Interiors Group",https://www.linkedin.com/jobs/view/marketing-manager-interiors-group-at-standard-textile-4417643964?_l=en,LinkedIn,United States,Marketing Manager,
Hollywood Casino at Penn National Race Course,,MARKETING MANAGER,https://www.linkedin.com/jobs/view/marketing-manager-at-hollywood-casino-at-penn-national-race-course-4443521726?_l=en,LinkedIn,United States,Marketing Manager,
Compass Real Estate - Peninsula,,Marketing Manager,https://www.linkedin.com/jobs/view/marketing-manager-at-compass-real-estate-peninsula-4441757088?_l=en,LinkedIn,United States,Marketing Manager,
Beazer Homes,,Marketing Manager,https://www.linkedin.com/jobs/view/marketing-manager-at-beazer-homes-4425536038?_l=en,LinkedIn,United States,Marketing Manager,
Fairmont Hotels & Resorts,careers.accor.com,Marketing Manager,https://www.linkedin.com/jobs/view/marketing-manager-at-fairmont-hotels-resorts-4417123156?_l=en,LinkedIn,United States,Marketing Manager,
Peak Living,,Marketing Manager - Property Management,https://www.linkedin.com/jobs/view/marketing-manager-property-management-at-peak-living-4444714433?_l=en,LinkedIn,United States,Marketing Manager,
Compass International Holdings,,"Field Marketing Manager - Coldwell Banker - Pittsburgh, PA",https://www.linkedin.com/jobs/view/field-marketing-manager-coldwell-banker-pittsburgh-pa-at-compass-international-holdings-4425688253?_l=en,LinkedIn,United States,Marketing Manager,
Evolito Ltd,,Marketing Manager,https://www.linkedin.com/jobs/view/marketing-manager-at-evolito-ltd-4435043698?_l=en,LinkedIn,United Kingdom,Marketing Manager,
Kohler Co.,,Product Manager – Marketing,https://www.linkedin.com/jobs/view/product-manager-%E2%80%93-marketing-at-kohler-co-4344040550?_l=en,LinkedIn,United Kingdom,Marketing Manager,
Reed,,Marketing Manager,https://www.linkedin.com/jobs/view/marketing-manager-at-reed-4431265787?_l=en,LinkedIn,United Kingdom,Marketing Manager,
Whitbread,whitbreadcareers.com,CRM - Marketing Manager - Service,https://www.linkedin.com/jobs/view/crm-marketing-manager-service-at-whitbread-4443948422?_l=en,LinkedIn,United Kingdom,Marketing Manager,
Bayer,bayer.com,Senior Shopper Marketing Manager,https://www.linkedin.com/jobs/view/senior-shopper-marketing-manager-at-bayer-4442588757?_l=en,LinkedIn,United Kingdom,Marketing Manager,
Alpha Security Services,,Marketing and commercial manager,https://www.linkedin.com/jobs/view/marketing-and-commercial-manager-at-alpha-security-services-4443383373?_l=en,LinkedIn,United Kingdom,Marketing Manager,
Blu Digital,,"Digital Marketing Manager - Up to £65,000",https://www.linkedin.com/jobs/view/digital-marketing-manager-up-to-%C2%A365-000-at-blu-digital-4429489360?_l=en,LinkedIn,United Kingdom,Marketing Manager,
Spotlight Recruitment,,Brand Marketing Manager,https://www.linkedin.com/jobs/view/brand-marketing-manager-at-spotlight-recruitment-4444706256?_l=en,LinkedIn,United Kingdom,Marketing Manager,
Nextech Group Limited,,Growth Marketing Manager,https://www.linkedin.com/jobs/view/growth-marketing-manager-at-nextech-group-limited-4443345476?_l=en,LinkedIn,United Kingdom,Marketing Manager,
Ideagen,,Marketing Manager,https://www.linkedin.com/jobs/view/marketing-manager-at-ideagen-4412758303?_l=en,LinkedIn,United Kingdom,Marketing Manager,
Kick It Out,,Brand & Community Manager,https://www.linkedin.com/jobs/view/brand-community-manager-at-kick-it-out-4444076148?_l=en,LinkedIn,United Kingdom,Marketing Manager,
Proper Cornish,,Marketing Manager,https://www.linkedin.com/jobs/view/marketing-manager-at-proper-cornish-4444607049?_l=en,LinkedIn,United Kingdom,Marketing Manager,
Viper Innovations Ltd,,Marketing Manager,https://www.linkedin.com/jobs/view/marketing-manager-at-viper-innovations-ltd-4434491485?_l=en,LinkedIn,United Kingdom,Marketing Manager,
Hargreaves Lansdown,,B2B Marketing Manager,https://www.linkedin.com/jobs/view/b2b-marketing-manager-at-hargreaves-lansdown-4441806840?_l=en,LinkedIn,United Kingdom,Marketing Manager,
UL Solutions,,Regional Marketing Manager – EMEA,https://www.linkedin.com/jobs/view/regional-marketing-manager-%E2%80%93-emea-at-ul-solutions-4422710772?_l=en,LinkedIn,United Kingdom,Marketing Manager,
AMS Neve,,Marketing Communications Manager,https://www.linkedin.com/jobs/view/marketing-communications-manager-at-ams-neve-4441998243?_l=en,LinkedIn,United Kingdom,Marketing Manager,
St Austell Brewery,,Marketing Manager - Business Partners,https://www.linkedin.com/jobs/view/marketing-manager-business-partners-at-st-austell-brewery-4445215042?_l=en,LinkedIn,United Kingdom,Marketing Manager,
addmustard,,Paid Media Manager,https://www.linkedin.com/jobs/view/paid-media-manager-at-addmustard-4444425206?_l=en,LinkedIn,United Kingdom,Marketing Manager,
Centrica,morethanacareer.energy,Marketing Campaign Delivery Manager,https://www.linkedin.com/jobs/view/marketing-campaign-delivery-manager-at-centrica-4442693528?_l=en,LinkedIn,United Kingdom,Marketing Manager,
Market Recruitment,,Marketing Manager,https://www.linkedin.com/jobs/view/marketing-manager-at-market-recruitment-4443150435?_l=en,LinkedIn,United Kingdom,Marketing Manager,
Blend,,Marketing Manager,https://www.linkedin.com/jobs/view/marketing-manager-at-blend-4443889221?_l=en,LinkedIn,United Kingdom,Marketing Manager,
Centrica,morethanacareer.energy,Marketing Campaign Delivery Manager,https://www.linkedin.com/jobs/view/marketing-campaign-delivery-manager-at-centrica-4442692606?_l=en,LinkedIn,United Kingdom,Marketing Manager,
Love Recruitment Ltd,,Marketing Manager in Birmingham - Health Tech,https://www.linkedin.com/jobs/view/marketing-manager-in-birmingham-health-tech-at-love-recruitment-ltd-4443122673?_l=en,LinkedIn,United Kingdom,Marketing Manager,
Blu Digital,,"CRM Manager - Ecommerce - Up to £50,000",https://www.linkedin.com/jobs/view/crm-manager-ecommerce-up-to-%C2%A350-000-at-blu-digital-4438798428?_l=en,LinkedIn,United Kingdom,Marketing Manager,
OneAdvanced,,Product Marketing Manager,https://www.linkedin.com/jobs/view/product-marketing-manager-at-oneadvanced-4426309203?_l=en,LinkedIn,United Kingdom,Marketing Manager,
"Mind, Money & Business",,Marketing Manager,https://www.linkedin.com/jobs/view/marketing-manager-at-mind-money-business-4443367491?_l=en,LinkedIn,United Kingdom,Marketing Manager,
Tangerine,,Marketing and New Business Manager,https://www.linkedin.com/jobs/view/marketing-and-new-business-manager-at-tangerine-4444402704?_l=en,LinkedIn,United Kingdom,Marketing Manager,
Hanson Search,,Brand Manager,https://www.linkedin.com/jobs/view/brand-manager-at-hanson-search-4442582983?_l=en,LinkedIn,United Kingdom,Marketing Manager,
Lotus Bakeries,,Brand Manager,https://www.linkedin.com/jobs/view/brand-manager-at-lotus-bakeries-4444425349?_l=en,LinkedIn,United Kingdom,Marketing Manager,
Brand Recruitment,,Marketing Manager,https://www.linkedin.com/jobs/view/marketing-manager-at-brand-recruitment-4436741603?_l=en,LinkedIn,United Kingdom,Marketing Manager,
Steppes Travel,,CRM & Customer Insights Manager,https://www.linkedin.com/jobs/view/crm-customer-insights-manager-at-steppes-travel-4443789255?_l=en,LinkedIn,United Kingdom,Marketing Manager,
Paragraph Publishing,,Marketing & Content Manager,https://www.linkedin.com/jobs/view/marketing-content-manager-at-paragraph-publishing-4444945035?_l=en,LinkedIn,United Kingdom,Marketing Manager,
Suffolk Jobs Direct,,Marketing Manager,https://www.linkedin.com/jobs/view/marketing-manager-at-suffolk-jobs-direct-4442709316?_l=en,LinkedIn,United Kingdom,Marketing Manager,
Thomas Gray,,Marketing Manager,https://www.linkedin.com/jobs/view/marketing-manager-at-thomas-gray-4443128108?_l=en,LinkedIn,United Kingdom,Marketing Manager,
"SPX Cooling Tech, LLC",,Marketing Manager,https://www.linkedin.com/jobs/view/marketing-manager-at-spx-cooling-tech-llc-4440475046?_l=en,LinkedIn,United Kingdom,Marketing Manager,
Frasers Group,youtube.com,Marketing Manager,https://www.linkedin.com/jobs/view/marketing-manager-at-frasers-group-4444320376?_l=en,LinkedIn,United Kingdom,Marketing Manager,
Bruntwood SciTech,,Marketing Manager,https://www.linkedin.com/jobs/view/marketing-manager-at-bruntwood-scitech-4443107949?_l=en,LinkedIn,United Kingdom,Marketing Manager,
TeamJobs,,Group Marketing Manager,https://www.linkedin.com/jobs/view/group-marketing-manager-at-teamjobs-4443359833?_l=en,LinkedIn,United Kingdom,Marketing Manager,
World Options Ltd,,Marketing Manager,https://www.linkedin.com/jobs/view/marketing-manager-at-world-options-ltd-4444946162?_l=en,LinkedIn,United Kingdom,Marketing Manager,
PerkinElmer,,Grain and Dairy Marketing Manager,https://www.linkedin.com/jobs/view/grain-and-dairy-marketing-manager-at-perkinelmer-4435473095?_l=en,LinkedIn,United Kingdom,Marketing Manager,
Severn Trent,,Brand and Creative Manager,https://www.linkedin.com/jobs/view/brand-and-creative-manager-at-severn-trent-4443785427?_l=en,LinkedIn,United Kingdom,Marketing Manager,
SERV Recruitment,,Marketing Manager,https://www.linkedin.com/jobs/view/marketing-manager-at-serv-recruitment-4440475297?_l=en,LinkedIn,United Kingdom,Marketing Manager,
Xaso,,Paid Media Manager,https://www.linkedin.com/jobs/view/paid-media-manager-at-xaso-4442931626?_l=en,LinkedIn,United Kingdom,Marketing Manager,
Michael Page,,Brand Manager,https://www.linkedin.com/jobs/view/brand-manager-at-michael-page-4445208498?_l=en,LinkedIn,United Kingdom,Marketing Manager,
AeroCloud,,Marketing Manager,https://www.linkedin.com/jobs/view/marketing-manager-at-aerocloud-4441097732?_l=en,LinkedIn,United Kingdom,Marketing Manager,
Futures,,Category Marketing Manager,https://www.linkedin.com/jobs/view/category-marketing-manager-at-futures-4443128520?_l=en,LinkedIn,United Kingdom,Marketing Manager,
Spotlight Recruitment,,Performance Marketing Manager,https://www.linkedin.com/jobs/view/performance-marketing-manager-at-spotlight-recruitment-4442586461?_l=en,LinkedIn,United Kingdom,Marketing Manager,
Awaze,,Performance Marketing Manager,https://www.linkedin.com/jobs/view/performance-marketing-manager-at-awaze-4443131172?_l=en,LinkedIn,United Kingdom,Marketing Manager,
COREcruitment Ltd,,Marketing Communications Manager,https://www.linkedin.com/jobs/view/marketing-communications-manager-at-corecruitment-ltd-4436723580?_l=en,LinkedIn,United Kingdom,Marketing Manager,
Maple Leaf Foods Inc,,Marketing Manager - Ham,https://www.linkedin.com/jobs/view/marketing-manager-ham-at-maple-leaf-foods-inc-4415905517?_l=en,LinkedIn,Canada,Marketing Manager,
Poka Inc.,,Customer Marketing Manager,https://www.linkedin.com/jobs/view/customer-marketing-manager-at-poka-inc-4434742148?_l=en,LinkedIn,Canada,Marketing Manager,
IMM,,Account Lead,https://www.linkedin.com/jobs/view/account-lead-at-imm-4444616017?_l=en,LinkedIn,Canada,Marketing Manager,
Culligan Quench Canada,,Marketing Manager,https://www.linkedin.com/jobs/view/marketing-manager-at-culligan-quench-canada-4442228848?_l=en,LinkedIn,Canada,Marketing Manager,
STERIS,,"Manager, Commercial Marketing",https://www.linkedin.com/jobs/view/manager-commercial-marketing-at-steris-4425575303?_l=en,LinkedIn,Canada,Marketing Manager,
WonderFil Specialty Threads,,Marketing Manager,https://www.linkedin.com/jobs/view/marketing-manager-at-wonderfil-specialty-threads-4444031719?_l=en,LinkedIn,Canada,Marketing Manager,
Johnston Group Inc.,,Brand Manager,https://www.linkedin.com/jobs/view/brand-manager-at-johnston-group-inc-4443929438?_l=en,LinkedIn,Canada,Marketing Manager,
Saskatchewan Roughrider Football Club Inc.,,"Manager, Marketing & Fan Engagement",https://www.linkedin.com/jobs/view/manager-marketing-fan-engagement-at-saskatchewan-roughrider-football-club-inc-4444386521?_l=en,LinkedIn,Canada,Marketing Manager,
Euna Solutions,eunasolutions.com,Product Marketing Manager,https://www.linkedin.com/jobs/view/product-marketing-manager-at-euna-solutions-4394692107?_l=en,LinkedIn,Canada,Marketing Manager,
SPC Student Price Card,,Marketing Manager,https://www.linkedin.com/jobs/view/marketing-manager-at-spc-student-price-card-4437684460?_l=en,LinkedIn,Canada,Marketing Manager,
Clearwater Analytics,,Marketing Operations Manager,https://www.linkedin.com/jobs/view/marketing-operations-manager-at-clearwater-analytics-4434364178?_l=en,LinkedIn,Canada,Marketing Manager,
Aurora Cultural Centre,auroraculturalcentre.ca,Marketing Manager,https://www.linkedin.com/jobs/view/marketing-manager-at-aurora-cultural-centre-4444016436?_l=en,LinkedIn,Canada,Marketing Manager,
Magnet Search Group Inc.,,Brand Manager,https://www.linkedin.com/jobs/view/brand-manager-at-magnet-search-group-inc-4444001768?_l=en,LinkedIn,Canada,Marketing Manager,
Contemporary Career Consultants,,Marketing Manager,https://www.linkedin.com/jobs/view/marketing-manager-at-contemporary-career-consultants-4443171514?_l=en,LinkedIn,Canada,Marketing Manager,
Sparkrock,,"Marketing Manager K-12 (OTE $60,000/year USD), @Sparkrock",https://www.linkedin.com/jobs/view/marketing-manager-k-12-ote-%2460-000-year-usd-%40sparkrock-at-sparkrock-4442587751?_l=en,LinkedIn,Canada,Marketing Manager,
Lyft,,"Marketing Manager II, Luxury Experience",https://www.linkedin.com/jobs/view/marketing-manager-ii-luxury-experience-at-lyft-4427054652?_l=en,LinkedIn,Canada,Marketing Manager,
StudyIn,,Marketing Manager,https://www.linkedin.com/jobs/view/marketing-manager-at-studyin-4440106480?_l=en,LinkedIn,Canada,Marketing Manager,
Canada Life,,"Associate Manager, Marketing Sales Enablement (12 month contract)",https://www.linkedin.com/jobs/view/associate-manager-marketing-sales-enablement-12-month-contract-at-canada-life-4442242012?_l=en,LinkedIn,Canada,Marketing Manager,
Ideal Siding Richmond,,Franchise Marketing Manager,https://www.linkedin.com/jobs/view/franchise-marketing-manager-at-ideal-siding-richmond-4442259272?_l=en,LinkedIn,Canada,Marketing Manager,
Pharmaris Canada,,Brand Manager,https://www.linkedin.com/jobs/view/brand-manager-at-pharmaris-canada-4444394590?_l=en,LinkedIn,Canada,Marketing Manager,
Brex,,Event Marketing Manager,https://www.linkedin.com/jobs/view/event-marketing-manager-at-brex-4444216191?_l=en,LinkedIn,Canada,Marketing Manager,
Canada Life,,"Associate Manager, Marketing Sales Enablement (12 month contract)",https://www.linkedin.com/jobs/view/associate-manager-marketing-sales-enablement-12-month-contract-at-canada-life-4442241019?_l=en,LinkedIn,Canada,Marketing Manager,
Benevity,,Product Marketing Manager,https://www.linkedin.com/jobs/view/product-marketing-manager-at-benevity-4444033591?_l=en,LinkedIn,Canada,Marketing Manager,
Innovation Factory,,Marketing Manager,https://www.linkedin.com/jobs/view/marketing-manager-at-innovation-factory-4443171337?_l=en,LinkedIn,Canada,Marketing Manager,
Silver Hills,,Senior Brand Manager,https://www.linkedin.com/jobs/view/senior-brand-manager-at-silver-hills-4444036486?_l=en,LinkedIn,Canada,Marketing Manager,
Oldcastle APG,,"Field Marketing Manager-Acheson, AB",https://www.linkedin.com/jobs/view/field-marketing-manager-acheson-ab-at-oldcastle-apg-4441831678?_l=en,LinkedIn,Canada,Marketing Manager,
Nature Fresh Farms,,Retail Media & Shopper Marketing Manager,https://www.linkedin.com/jobs/view/retail-media-shopper-marketing-manager-at-nature-fresh-farms-4443996505?_l=en,LinkedIn,Canada,Marketing Manager,
360insights,,Client Marketing Manager,https://www.linkedin.com/jobs/view/client-marketing-manager-at-360insights-4442651807?_l=en,LinkedIn,Canada,Marketing Manager,
Embold,,Influencer Marketing Campaign Manager,https://www.linkedin.com/jobs/view/influencer-marketing-campaign-manager-at-embold-4444007647?_l=en,LinkedIn,Canada,Marketing Manager,
EY,ey.com,Manager - Marketing Transformation & Loyalty,https://www.linkedin.com/jobs/view/manager-marketing-transformation-loyalty-at-ey-4422226152?_l=en,LinkedIn,Canada,Marketing Manager,
Benevity,,Product Marketing Manager,https://www.linkedin.com/jobs/view/product-marketing-manager-at-benevity-4442900662?_l=en,LinkedIn,Canada,Marketing Manager,
EY,ey.com,Manager - Marketing Transformation & Loyalty,https://www.linkedin.com/jobs/view/manager-marketing-transformation-loyalty-at-ey-4422223167?_l=en,LinkedIn,Canada,Marketing Manager,
Virtual Hallway,,"Marketing Manager, Health Education",https://www.linkedin.com/jobs/view/marketing-manager-health-education-at-virtual-hallway-4444334809?_l=en,LinkedIn,Canada,Marketing Manager,
Sparkrock,,"Marketing Manager K-12 (OTE $60,000/year USD), @Sparkrock",https://www.linkedin.com/jobs/view/marketing-manager-k-12-ote-%2460-000-year-usd-%40sparkrock-at-sparkrock-4442591553?_l=en,LinkedIn,Canada,Marketing Manager,
CNH,,Regional Marketing Manager,https://www.linkedin.com/jobs/view/regional-marketing-manager-at-cnh-4426593293?_l=en,LinkedIn,Canada,Marketing Manager,
Clio,,"Customer Marketing Manager, Growth",https://www.linkedin.com/jobs/view/customer-marketing-manager-growth-at-clio-4442253813?_l=en,LinkedIn,Canada,Marketing Manager,
BuildDirect (TSXV: BILD) (OTCQB: BDCTF),,Growth & Digital Experience Manager,https://www.linkedin.com/jobs/view/growth-digital-experience-manager-at-builddirect-tsxv-bild-otcqb-bdctf-4443306503?_l=en,LinkedIn,Canada,Marketing Manager,
Docebo,,Customer Marketing Manager,https://www.linkedin.com/jobs/view/customer-marketing-manager-at-docebo-4429726212?_l=en,LinkedIn,Canada,Marketing Manager,
Magnet Forensics,,"Manager, Private Sector Marketing",https://www.linkedin.com/jobs/view/manager-private-sector-marketing-at-magnet-forensics-4443725031?_l=en,LinkedIn,Canada,Marketing Manager,
FCC / FAC,,"Supervisor, Brand",https://www.linkedin.com/jobs/view/supervisor-brand-at-fcc-fac-4443058741?_l=en,LinkedIn,Canada,Marketing Manager,
Gowling WLG,,Business Development & Marketing Manager,https://www.linkedin.com/jobs/view/business-development-marketing-manager-at-gowling-wlg-4382806344?_l=en,LinkedIn,Canada,Marketing Manager,
WK Kellogg Co,,"Brand Manager - Innovation, Adult Balance and Wellness Brands",https://www.linkedin.com/jobs/view/brand-manager-innovation-adult-balance-and-wellness-brands-at-wk-kellogg-co-4441067543?_l=en,LinkedIn,Canada,Marketing Manager,
MEC,,Performance Marketing Manager - Paid Media,https://www.linkedin.com/jobs/view/performance-marketing-manager-paid-media-at-mec-4443795538?_l=en,LinkedIn,Canada,Marketing Manager,
Maple Leaf Foods Inc,,Marketing Manager - Mighty Protein,https://www.linkedin.com/jobs/view/marketing-manager-mighty-protein-at-maple-leaf-foods-inc-4434136834?_l=en,LinkedIn,Canada,Marketing Manager,
"Smart, Savvy + Associates (Recruitment Agency)",,Brand Marketing Lead,https://www.linkedin.com/jobs/view/brand-marketing-lead-at-smart-savvy-%2B-associates-recruitment-agency-4430581995?_l=en,LinkedIn,Canada,Marketing Manager,
SKO COMPOUNDS,,Email Marketing Manager - DTC,https://www.indeed.com/viewjob?jk=b09f774cfbd0f58a,Indeed,United States,Email Marketer,2026-07-20T04:28:22.669Z
Enhanced US LLC,,Email Marketing Manager,https://www.indeed.com/viewjob?jk=abe2ddbee8b17345,Indeed,United States,Email Marketer,2026-07-22T21:16:42.565Z
Red Ventures,redventures.com,"Senior Manager, Lifecycle & Email Marketing | The Points Guy",https://www.indeed.com/viewjob?jk=afa9ba6b3f7a5d35,Indeed,United States,Email Marketer,2026-07-21T22:19:38.540Z
UFC,,Email Marketing Manager,https://www.indeed.com/viewjob?jk=95670b2977b73193,Indeed,United States,Email Marketer,2026-07-22T00:45:39.207Z
Qureos Inc,,Remote Virtual Digital Marketing Coordinator Full-Time / Part-Time,https://www.indeed.com/viewjob?jk=f90d79a3de90c941,Indeed,United States,Email Marketer,2026-07-22T16:56:21.201Z
PIMCO,,"Associate, ETF & Alternatives Marketing",https://www.indeed.com/viewjob?jk=a985f7fd1c3715bc,Indeed,United States,Email Marketer,2026-07-20T04:34:17.384Z
Qureos Inc,,Remote Marketing Representative Full-Time / Part-Time,https://www.indeed.com/viewjob?jk=f793fcabd6e0f821,Indeed,United States,Email Marketer,2026-07-22T16:56:22.624Z
Experis,,Sr. Specialist Marketing,https://www.indeed.com/viewjob?jk=415decf7ca792d1d,Indeed,United States,Email Marketer,2026-07-22T12:37:48.590Z
Blueprint Technologies,,Email Marketing Designer & Creative Strategist,https://www.indeed.com/viewjob?jk=b211c131d5423e37,Indeed,United States,Email Marketer,2026-07-23T20:23:46.691Z
JPMorganChase,,Email Implementation Lead (AI-Enabled),https://www.indeed.com/viewjob?jk=3605aa678199e589,Indeed,United States,Email Marketer,2026-07-23T07:43:19.025Z
Blueprint Technologies,,Senior Email Marketing Designer & Creative Strategist,https://www.indeed.com/viewjob?jk=ef66bab0b153dadf,Indeed,United States,Email Marketer,2026-07-23T20:23:47.777Z
Qureos Inc,,Virtual Marketing Representative,https://www.indeed.com/viewjob?jk=8de83985994629a7,Indeed,United States,Email Marketer,2026-07-22T10:56:20.983Z
STRONG AUTOMOTIVE MERCHANDISING LLC,,Email Marketing Coordinator,https://www.indeed.com/viewjob?jk=3b6024c6178bf1b3,Indeed,United States,Email Marketer,2026-07-21T19:28:32.972Z
University of Florida,,Email Marketing Specialist (Enrollment Marketing & Communications),https://www.indeed.com/viewjob?jk=7632183750e76ee0,Indeed,United States,Email Marketing Specialist,2026-07-20T15:41:59.945Z
Global Build Innovation Inc,,Marketing & Media Specialist,https://www.indeed.com/viewjob?jk=7a93ed3c43bf61fe,Indeed,United States,Email Marketing Specialist,2026-07-20T20:35:00.172Z
Nextdoor LA restaurant,,Online Marketing Specialist,https://www.indeed.com/viewjob?jk=f839dbbd6771a16a,Indeed,United States,Email Marketing Specialist,2026-07-25T09:08:57.563Z
Backroads,,CRM & Lifecycle Marketing Specialist,https://www.indeed.com/viewjob?jk=325a2c05980c9408,Indeed,United States,Email Marketing Specialist,2026-07-23T03:41:03.409Z
Vaco by Highspring,highspring.com,Data & AI Platforms Manager,https://www.indeed.com/viewjob?jk=fc2303306c84c1cc,Indeed,United States,Email Marketing Specialist,2026-07-22T00:48:25.311Z
Sanford Health,sanfordcareers.com,Integrated Marketing Operations Specialist,https://www.indeed.com/viewjob?jk=8cf8db1d22621c93,Indeed,United States,Email Marketing Specialist,2026-07-21T03:17:32.853Z
Leidos,,Sr. Data Analyst,https://www.indeed.com/viewjob?jk=1a2729b720536144,Indeed,United States,Email Marketing Specialist,2026-07-23T03:01:42.367Z
Harvest Table Culinary Group,,Digital Marketing Specialist,https://www.indeed.com/viewjob?jk=bb341075c3225dff,Indeed,United States,Email Marketing Specialist,2026-07-25T09:09:05.944Z
Experis,,Sr. Business Analyst,https://www.indeed.com/viewjob?jk=3b48bb475e71e8ca,Indeed,United States,Email Marketing Specialist,2026-07-25T09:09:08.044Z
Shelter Insurance,,Digital Content Developer,https://www.indeed.com/viewjob?jk=dc542ab7c90e1072,Indeed,United States,Email Marketing Specialist,2026-07-22T10:34:45.004Z
Savannah Bee Company,,Content Manager,https://www.indeed.com/viewjob?jk=d5dd16341193e928,Indeed,United States,Email Marketing Specialist,2026-07-20T12:28:59.331Z
Hurrdat,,Content Strategist,https://www.indeed.com/viewjob?jk=aa1511550195c93b,Indeed,United States,Email Marketing Specialist,2026-07-22T04:24:43.030Z
Omniforce Solutions,,Retail Power Portfolio Analyst III,https://www.indeed.com/viewjob?jk=aacb630e620a0497,Indeed,United States,Email Marketing Specialist,2026-07-25T09:09:20.503Z
Mercedes-Benz Van Center Warner,,CRM Specialist,https://www.indeed.com/viewjob?jk=4c6f5782a6bc8c16,Indeed,United States,Email Marketing Specialist,2026-07-23T17:22:34.808Z
Exodus World Service,,Director of Communications,https://www.indeed.com/viewjob?jk=11be8647d7b723ff,Indeed,United States,Email Marketing Specialist,2026-07-25T09:09:31.459Z
Robert Half,,Logistics Analyst,https://www.indeed.com/viewjob?jk=c560fb201330a985,Indeed,United States,Email Marketing Specialist,2026-07-21T23:16:18.863Z
Robert Half,,Sr. Internal Communications Partner,https://www.indeed.com/viewjob?jk=6a5e58d4758f4695,Indeed,United States,Email Marketing Specialist,2026-07-23T18:17:30.033Z
Security Benefit,,Senior Email Marketing Automation Specialist,https://www.indeed.com/viewjob?jk=e12ed39ef5bd4b20,Indeed,United States,Email Marketing Specialist,2026-07-25T09:10:14.173Z
FuelCell Energy,fuelcellenergy.com,Manufacturing Systems Analyst (2nd Shift),https://www.indeed.com/viewjob?jk=9ebe8c0fcad739a9,Indeed,United States,Email Marketing Specialist,2026-07-21T17:26:40.142Z
Leidos,,Data Scientist,https://www.indeed.com/viewjob?jk=2d3c83ce96a22edf,Indeed,United States,Email Marketing Specialist,2026-07-22T21:01:40.719Z
Titan Brands,,Senior Email Marketing Specialist,https://www.indeed.com/viewjob?jk=807669befb75aa87,Indeed,United States,Email Marketing Specialist,2026-07-25T03:02:58.549Z
NAC Call Center,,UGC Content Creator - Creative Strategist,https://www.indeed.com/viewjob?jk=74907ef499335ad6,Indeed,United States,Email Marketing Specialist,2026-07-19T16:48:53.636Z
"Truity Partners, LLC",,Marketing Coordinator / Marketing Manager,https://www.indeed.com/viewjob?jk=a7d7250fe7648d25,Indeed,United States,Email Marketing Specialist,2026-07-23T21:01:41.538Z
Rep Lock Marketing,,Digital Marketing Specialist,https://www.indeed.com/viewjob?jk=a0198229c53c9844,Indeed,United States,Email Marketing Specialist,2026-07-22T16:42:47.757Z
"Transcendental, LLC",,SEO Manager,https://www.indeed.com/viewjob?jk=ed4d1fe30aed271c,Indeed,United States,Email Marketing Specialist,2026-07-20T19:52:37.237Z
HGC Media,,Go High Level-CRM-Email Automation Specialist,https://www.indeed.com/viewjob?jk=b33d47f9a0489108,Indeed,United States,Email Marketing Specialist,2026-07-20T17:11:11.952Z
Leads Near Me,,Google Ads Specialist (Automotive Industry),https://www.indeed.com/viewjob?jk=d9b584baf88aba88,Indeed,United States,Email Marketing Specialist,2026-07-21T17:53:01.221Z
North American Insurance Services,,Marketing Associate,https://www.indeed.com/viewjob?jk=e831ce05f9aa1055,Indeed,United States,Email Marketing Specialist,2026-07-25T09:14:11.454Z
Zedcor Security Solutions,,"Marketing Specialist - Houston, TX",https://www.indeed.com/viewjob?jk=fe6676cc28fd4fdc,Indeed,United States,Email Marketing Specialist,2026-07-24T03:14:22.430Z
Vaco by Highspring,highspring.com,Business Analyst,https://www.indeed.com/viewjob?jk=9c52783241cd95ab,Indeed,United States,Email Marketing Specialist,2026-07-24T04:39:56.725Z
CareScout,,Lifecycle Marketing Specialist,https://www.indeed.com/viewjob?jk=4a2b135fc5e8a866,Indeed,United States,Email Marketing Specialist,2026-07-22T14:25:40.468Z
Servpro,,Performance Marketing Analyst,https://www.indeed.com/viewjob?jk=b019075779de4522,Indeed,United States,Email Marketing Specialist,2026-07-25T09:15:31.888Z
Onward Search,,Senior Salesforce Marketing Cloud Specialist,https://www.indeed.com/viewjob?jk=b153b8b11d1dd92b,Indeed,United States,Email Marketing Specialist,2026-07-25T09:16:40.875Z
Sisters of St. Joseph of Carondelet - St. Paul,,Customer Experience & Digital Marketing Coordinator,https://www.indeed.com/viewjob?jk=d017b777e2db2754,Indeed,United States,Email Marketing Specialist,2026-07-21T18:52:02.311Z
Principal Financial Group,,Content Marketing Strategist,https://www.indeed.com/viewjob?jk=e2c6ab6eee95e3b9,Indeed,United States,Digital Marketer,2026-07-24T00:18:10.213Z
University of Washington,washington.edu,Digital Listings & Reputation Specialist - UW Medicine Strategic Brand and Marketing,https://www.indeed.com/viewjob?jk=f155baaf77f657ac,Indeed,United States,Digital Marketer,2026-07-23T17:36:51.021Z
Precision for Medicine,,"Director, Brand and Content Strategy",https://www.indeed.com/viewjob?jk=28c152741f0e2072,Indeed,United States,Digital Marketer,2026-07-22T18:33:23.228Z
Precision Medicine Group,,"Director, Brand and Content Strategy",https://www.indeed.com/viewjob?jk=42bdd4c589918efe,Indeed,United States,Digital Marketer,2026-07-22T18:33:23.376Z
"Horizon Media, Inc.",,"Supervisor, Performance Media Analytics (Temp)",https://www.indeed.com/viewjob?jk=eabe3d1b15122541,Indeed,United States,Digital Marketer,2026-07-23T02:04:41.474Z
Summit Electric,youtube.com,Digital Marketing Specialist I,https://www.indeed.com/viewjob?jk=10d0ce72a90ae54c,Indeed,United States,Digital Marketer,2026-07-24T01:04:39.696Z
SariDLM Inc,,Digital Marketing Coordinator,https://www.indeed.com/viewjob?jk=e32cec9e602dbbd4,Indeed,United States,Digital Marketer,2026-07-20T15:33:32.991Z
Predictive Sales AI,,Digital Marketing Consultant-SEO,https://www.indeed.com/viewjob?jk=efaa33449a83431e,Indeed,United States,Digital Marketer,2026-07-20T16:23:35.477Z
Dallas Cowboys Football Club,,"Marketing Coordinator, Brand",https://www.indeed.com/viewjob?jk=4def5dfb85d3586d,Indeed,United States,Digital Marketer,2026-07-24T01:06:16.505Z
"AEP Energy, Inc.",,Digital Marketing Specialist,https://www.indeed.com/viewjob?jk=d5c55a5803b7417d,Indeed,United States,Digital Marketer,2026-07-20T22:37:38.199Z
"RAM Partners, LLC",,Digital Marketing Specialist,https://www.indeed.com/viewjob?jk=0d4ede75e82501ef,Indeed,United States,Digital Marketer,2026-07-20T17:23:14.667Z
Predictive Sales AI,,Digital Marketing Consultant-SEO,https://www.indeed.com/viewjob?jk=0264cc2156c001e0,Indeed,United States,Digital Marketer,2026-07-20T16:23:32.758Z
JPMorganChase,,Channel Marketing Associate,https://www.indeed.com/viewjob?jk=97d3c51cba94217f,Indeed,United States,Digital Marketer,2026-07-23T07:43:14.706Z
"Nelson Mullins Riley & Scarborough, LLP",,Marketing Coordinator- Digital Media,https://www.indeed.com/viewjob?jk=219afe0ec8bdeed1,Indeed,United States,Digital Marketer,2026-07-22T18:03:20.068Z
Empower Ministry by the Isaacson Foundation,,Product & Brand Experience Designer,https://www.indeed.com/viewjob?jk=bebb5a589b259814,Indeed,United States,Marketing Manager,2026-07-25T09:39:07.982Z
"Pause Wellness Studio, Ft. Lauderdale, FL",,General Manager,https://www.indeed.com/viewjob?jk=d7646d434a055d39,Indeed,United States,Marketing Manager,2026-07-23T13:29:30.754Z
Bedrock Digital,,Digital Marketing & Lead Generation Specialist,https://www.indeed.com/viewjob?jk=caefc34d5c70a51d,Indeed,United States,Marketing Manager,2026-07-19T04:50:36.953Z
Apex Jumps Trampoline Park Dublin Ohio,,Marketing Manager,https://www.indeed.com/viewjob?jk=82702fa5e0d4d955,Indeed,United States,Marketing Manager,2026-07-23T14:30:13.453Z
DY Concrete Pumps,,Creative Brand Manager,https://www.indeed.com/viewjob?jk=be56272224b1f70a,Indeed,United States,Marketing Manager,2026-07-20T13:48:31.166Z
"Artisan Industries, Inc.",,Senior Marketing Specialist,https://www.indeed.com/viewjob?jk=9538fba94ceec24e,Indeed,United States,Marketing Manager,2026-07-23T17:29:38.509Z
Trilliant Food,,Associate Brand Manager,https://www.indeed.com/viewjob?jk=233d88c47112ae9e,Indeed,United States,Marketing Manager,2026-07-23T21:39:42.116Z
High5,,Senior Brand Manager,https://www.indeed.com/viewjob?jk=afeab09128bea5cb,Indeed,United States,Marketing Manager,2026-07-25T09:39:33.266Z
APMEX,,"Digital Product Manager- Onsite OKC, OK",https://www.indeed.com/viewjob?jk=203678df5ec45f80,Indeed,United States,Marketing Manager,2026-07-22T01:12:51.095Z
"Marriott International, Inc",,Senior Marketing Manager,https://www.indeed.com/viewjob?jk=e64ddcef86470b22,Indeed,United States,Marketing Manager,2026-07-22T00:03:57.996Z
Auburn Oaks Care Center,,Marketing Director,https://www.indeed.com/viewjob?jk=2902198232d7700d,Indeed,United States,Marketing Manager,2026-07-23T17:43:32.023Z
FinancialPeople,,Paid Media Manager,https://www.indeed.com/viewjob?jk=963076500343ff3b,Indeed,United States,Marketing Manager,2026-07-21T16:02:24.881Z
"Titan Transport Service, LLC",,Digital Marketing Manager,https://www.indeed.com/viewjob?jk=93c43a72e2488d59,Indeed,United States,Marketing Manager,2026-07-23T20:58:12.755Z
STRONG AUTOMOTIVE MERCHANDISING LLC,,"Manager, Direct Marketing Products",https://www.indeed.com/viewjob?jk=2e58e96d8a50eccd,Indeed,United States,Marketing Manager,2026-07-21T19:28:34.143Z
Deloitte,,Health Care Marketing Strategy Manager,https://www.indeed.com/viewjob?jk=7def750b54b73904,Indeed,United States,Marketing Manager,2026-07-24T01:35:01.148Z
KROHNE INC,,Product Marketing Ultrasonic Flowmeters,https://www.indeed.com/viewjob?jk=45df3fa7ebb01be9,Indeed,United States,Marketing Manager,2026-07-23T23:58:13.642Z
Temperature Equipment Corporation,,Marketing Manager,https://www.indeed.com/viewjob?jk=5cf6e46b1d9c2223,Indeed,United States,Marketing Manager,2026-07-20T17:03:56.594Z
Atrium,,Senior Product Manager - Peptide Therapeutics and Biologics,https://www.indeed.com/viewjob?jk=c48c18d6c9683b8d,Indeed,United States,Marketing Manager,2026-07-25T09:41:02.851Z
Atomic Vacation Rentals,,Growth Marketing Manager,https://www.indeed.com/viewjob?jk=6736353ad5a1ce1b,Indeed,United States,Marketing Manager,2026-07-24T02:03:46.429Z
Facebook App,,"Integrated Marketing Manager Generalist, Facebook",https://www.indeed.com/viewjob?jk=f2a7defddc64f798,Indeed,United States,Marketing Manager,2026-07-21T04:04:47.522Z
Avoca,,Customer Marketing Manager,https://www.indeed.com/viewjob?jk=9354fcc2d22133f5,Indeed,United States,Marketing Manager,2026-07-23T20:33:16.619Z
Suncor Stainless/Atlantis Rail,,Chief Marketing Officer,https://www.indeed.com/viewjob?jk=2488cec60cadd26f,Indeed,United States,Marketing Manager,2026-07-20T11:59:49.329Z
Experis,,Marketing Creative Lead,https://www.indeed.com/viewjob?jk=d88041259be0f04f,Indeed,United States,Marketing Manager,2026-07-25T09:41:26.489Z
ALL SHIFTS,,Marketing Communications Manager,https://www.indeed.com/viewjob?jk=5b90b03a744485a7,Indeed,United States,Marketing Manager,2026-07-24T14:31:37.706Z
BD,bd.com,"Senior Manager, Integrated Marketing",https://www.indeed.com/viewjob?jk=a37024a342734d10,Indeed,United States,Marketing Manager,2026-07-22T23:20:36.300Z
Deloitte,,Health Care Marketing Strategy Senior Manager,https://www.indeed.com/viewjob?jk=e284847867793498,Indeed,United States,Marketing Manager,2026-07-24T01:35:01.433Z
"R. M. Davis, Inc.",,Marketing Project Manager,https://www.indeed.com/viewjob?jk=0df03590532d1459,Indeed,United States,Marketing Manager,2026-07-23T16:52:45.221Z
Beulah Heightsinc,,Marketing Coordinator,https://www.indeed.com/viewjob?jk=63ac929856da16d7,Indeed,United States,Marketing Manager,2026-07-20T18:07:46.150Z
APMEX,,"Director of Digital Marketing-Onsite OKC, OK",https://www.indeed.com/viewjob?jk=09c9146ff1f4add8,Indeed,United States,Marketing Manager,2026-07-22T04:13:09.379Z
Nicolet Law,,Digital Marketing Manager,https://www.indeed.com/viewjob?jk=d3672bf8b79e9b67,Indeed,United States,Marketing Manager,2026-07-20T19:42:07.518Z
Rent-2-Own,,"Sales & Marketing, Account Manager",https://www.indeed.com/viewjob?jk=1ab51f1d96ad1bf5,Indeed,United States,Marketing Manager,2026-07-21T14:45:06.115Z
SkySource Solutions Inc.,,Marketing Specialist,https://www.indeed.com/viewjob?jk=6ea5280dbb6a07fd,Indeed,United States,Marketing Manager,2026-07-22T13:32:10.171Z
Ultradent Products Inc.,,Project Manager - R&D Product Sustainment,https://www.indeed.com/viewjob?jk=92a3192ed2d53900,Indeed,United States,Marketing Manager,2026-07-23T00:15:00.621Z
